id,Company,TypeName,Inches,Ram,OpSys,Weight,Price_euros,Touchscreen,IPS,Total_pixels,CPU_GHz,CPU_brand,CPU_model,SSD_GB,HDD_GB,Hybrid_GB,GPU_Intel,GPU_AMD,GPU_Nvidia
697,2,0,12.5,4,0,1.2,669.0,1,0,2073600,0.9,1,10,64,0,0,515,0,0
435,2,1,17.3,8,3,3.2,1695.0,0,0,2073600,3.2,0,15,256,1024,0,0,580,0
735,10,3,15.6,4,3,1.85,779.0,0,0,2073600,2.7,1,13,0,1024,0,620,0,0
864,4,4,13.3,16,3,1.29,2240.0,1,0,5760000,2.5,1,13,512,0,0,640,0,0
1176,10,3,15.6,4,3,2.32,825.0,0,0,2073600,2.5,1,13,0,0,1024,520,0,0
533,12,3,13.3,4,3,1.2,369.0,0,1,2073600,1.1,1,1,32,0,0,500,0,0
568,10,3,15.6,4,3,2.2,344.0,0,0,2073600,1.1,1,2,0,500,0,505,0,0
41,4,1,15.6,16,3,2.65,1499.0,0,1,2073600,2.8,1,13,256,1024,0,0,0,1060
411,10,4,14.0,8,3,1.7,1943.0,0,1,3686400,2.8,1,13,512,0,0,0,0,940
424,4,1,17.3,16,3,4.42,2799.0,0,1,3686400,2.9,1,13,256,1024,0,0,0,1070
660,4,3,14.0,8,3,1.56,1229.0,0,0,2073600,2.4,1,12,256,0,0,520,0,0
631,4,1,15.6,16,3,2.62,1479.0,0,0,2073600,2.8,1,13,256,1024,0,0,0,1050
479,16,3,13.3,8,3,1.05,1672.0,0,1,2073600,2.5,1,12,256,0,0,620,0,0
732,7,3,15.6,6,3,2.1,650.0,0,0,2073600,3.0,0,7,128,1024,0,0,520,0
686,7,3,15.6,4,3,1.86,612.61,0,0,1049088,2.5,1,12,0,500,0,0,520,0
342,7,3,15.6,8,3,2.1,716.0,0,1,2073600,2.4,1,11,0,1024,0,0,0,930
980,4,0,15.6,12,3,2.19,1299.0,1,1,2073600,2.7,1,13,512,0,0,620,0,0
199,7,3,17.3,8,3,2.5,1045.0,0,0,2073600,1.8,1,13,256,0,0,0,0,930
689,10,3,15.6,4,3,2.1,318.0,0,0,1049088,1.6,1,1,0,500,0,510,0,0
613,4,3,15.6,4,1,2.25,359.0,0,0,1049088,2.0,1,11,0,1024,0,520,0,0
699,7,3,15.6,4,3,2.1,689.0,0,1,2073600,2.7,1,13,0,500,0,0,530,0
324,0,3,15.6,8,3,2.2,659.0,0,0,1049088,2.7,0,9,256,0,0,0,540,0
1196,10,3,15.6,4,2,1.9,368.0,0,0,1049088,2.0,1,11,0,1024,0,0,5,0
178,10,3,15.6,8,3,1.9,813.0,0,0,2073600,2.5,1,12,128,1024,0,0,17,0
231,7,3,15.6,4,3,2.1,330.0,0,0,1049088,1.5,0,3,0,500,0,0,2,0
240,10,3,15.6,8,3,2.2,589.0,0,0,1049088,2.0,1,11,128,0,0,520,0,0
595,10,3,15.6,8,3,2.29,459.0,0,0,1049088,2.3,1,11,0,1024,0,520,0,0
888,0,2,11.6,4,0,1.25,297.0,0,1,1049088,1.6,1,1,32,0,0,400,0,0
896,4,1,15.6,8,1,2.62,929.0,0,0,2073600,2.8,1,13,0,1024,0,0,0,1050
1240,10,3,15.6,6,3,2.2,597.57,0,0,2073600,3.6,0,9,256,0,0,0,530,0
385,10,4,14.0,8,3,1.13,2282.0,0,1,3686400,2.7,1,13,512,0,0,620,0,0
293,4,3,15.6,8,3,2.0,1829.0,0,0,2073600,2.8,1,13,256,0,0,0,0,1050
380,7,1,17.3,8,3,3.35,1191.0,0,1,2073600,2.8,1,13,128,1024,0,0,0,1050
635,2,3,15.6,8,3,1.99,906.62,0,0,2073600,2.5,1,12,0,1024,0,0,0,1050
439,2,3,15.6,4,1,2.0,559.0,0,0,2073600,2.5,1,12,256,0,0,620,0,0
707,10,5,15.6,16,3,2.18,1855.0,0,0,2073600,2.5,1,13,512,0,0,0,0,520
843,4,3,15.6,8,3,2.18,713.99,0,0,1049088,2.5,1,12,128,0,0,620,0,0
1282,7,2,11.6,2,3,1.17,209.0,0,0,1049088,1.6,1,1,32,0,0,400,0,0
29,7,3,17.3,8,3,2.5,896.0,0,0,2073600,1.6,1,12,0,1024,0,0,0,930
372,2,1,17.3,16,3,3.25,2199.0,0,1,2073600,3.0,0,15,256,1024,0,0,580,0
831,10,4,14.0,16,3,1.1,2099.0,0,1,3686400,2.6,1,13,512,0,0,520,0,0
151,4,1,15.6,8,3,2.62,899.0,0,0,2073600,2.8,1,13,0,0,1024,0,0,1050
1037,16,4,14.0,8,3,1.47,1725.0,0,1,2073600,2.6,1,13,256,0,0,520,0,0
115,7,0,13.3,8,3,1.26,1398.99,1,1,2073600,1.6,1,12,256,0,0,620,0,0
1004,16,3,13.3,4,3,1.2,1195.0,0,0,2073600,2.3,1,12,128,0,0,520,0,0
253,10,0,13.9,8,3,1.37,1849.0,1,1,2073600,1.8,1,13,512,0,0,620,0,0
1,1,4,13.3,8,4,1.34,898.94,0,0,1296000,1.8,1,12,128,0,0,6000,0,0
967,7,3,15.6,4,3,2.04,685.0,0,0,2073600,2.4,1,11,0,500,0,620,0,0
674,7,0,14.0,4,3,1.63,699.0,1,1,2073600,2.4,1,11,128,0,0,0,0,940
975,7,3,15.6,8,3,2.04,979.0,0,1,2073600,2.7,1,12,128,1024,0,0,0,930
1280,7,3,15.6,6,3,2.04,549.99,0,0,2073600,2.9,0,7,0,0,1024,0,7,0
702,10,3,15.6,8,3,2.2,429.0,0,0,1049088,3.6,0,9,0,1024,0,0,7,0
585,11,1,17.3,16,3,4.5,2349.0,0,0,2073600,2.7,1,13,128,1024,0,0,0,980
1273,7,3,15.6,6,3,2.19,764.0,0,0,1049088,2.5,1,13,0,1024,0,0,5,0
755,10,0,13.3,8,3,1.3,1199.0,1,1,5760000,1.8,1,12,256,0,0,540,0,0
325,10,3,14.0,4,3,1.44,292.0,0,0,1049088,1.1,1,1,32,0,0,500,0,0
92,7,3,13.3,16,3,1.49,1197.0,0,0,2073600,1.8,1,13,512,0,0,620,0,0
496,10,3,15.6,8,3,2.17,898.9,0,0,2073600,1.8,1,13,256,0,0,620,0,0
1010,4,1,15.6,8,3,2.65,949.0,0,0,2073600,2.5,1,12,0,0,1024,0,0,1050
538,7,1,17.3,12,3,2.62,1799.0,0,0,2073600,2.8,1,13,0,1024,0,0,0,1060
973,16,3,14.0,8,3,1.95,1180.0,0,0,2073600,2.3,1,12,256,0,0,520,0,0
914,0,3,15.6,4,3,2.4,499.0,0,0,2073600,2.4,1,11,0,1024,0,620,0,0
984,16,3,14.0,4,3,1.75,915.0,0,0,1049088,2.3,1,12,0,500,0,520,0,0
1095,0,3,15.6,8,3,2.4,799.0,0,0,2073600,2.5,1,12,256,1024,0,0,0,950
477,10,3,14.0,8,3,1.7,1364.0,0,0,2073600,2.5,1,12,180,0,0,620,0,0
376,10,2,11.6,4,3,1.59,553.0,0,1,1049088,1.1,1,1,128,0,0,500,0,0
567,5,3,15.6,8,3,2.2,739.0,0,0,1049088,2.5,1,12,0,1024,0,620,0,0
698,16,4,13.3,16,3,1.36,1877.0,1,0,2073600,2.5,1,13,512,0,0,520,0,0
756,7,3,15.6,8,3,2.2,1099.0,0,1,2073600,2.5,1,12,128,1024,0,0,0,1050
517,2,1,15.6,24,3,2.24,2968.0,0,0,2073600,2.8,1,13,512,0,0,0,0,1080
1107,10,0,15.6,4,3,2.1,867.0,1,1,2073600,2.3,1,12,256,0,0,520,0,0
327,2,4,15.6,8,3,1.7,1049.9,0,0,2073600,2.7,1,13,256,0,0,0,0,940
4,1,4,13.3,8,4,1.37,1803.6,0,1,4096000,3.1,1,12,256,0,0,650,0,0
1164,7,3,15.6,4,2,2.1,476.99,0,0,1049088,2.3,1,12,0,500,0,520,0,0
999,7,4,14.0,8,3,1.48,2089.0,0,0,2073600,2.7,1,13,512,0,0,620,0,0
281,4,3,15.6,4,1,2.25,428.0,0,0,2073600,2.0,1,11,0,1024,0,0,5,0
1211,2,3,15.6,16,3,2.2,1749.0,0,0,2073600,2.8,1,13,128,1024,0,0,0,1060
528,4,3,15.6,4,3,2.3,585.0,0,0,2073600,2.5,1,12,0,500,0,0,5,0
728,4,3,15.6,8,1,2.32,589.52,0,0,1049088,2.5,1,12,0,1024,0,0,7,0
939,4,1,17.3,16,3,4.36,2758.0,0,0,3686400,2.7,1,13,512,1024,0,0,0,1080
1070,4,3,15.6,4,3,2.06,481.98,0,0,1049088,2.3,1,11,0,500,0,520,0,0
416,4,3,13.3,4,3,1.65,689.0,0,0,1049088,2.0,1,11,128,0,0,520,0,0
56,7,3,15.6,4,3,1.91,439.0,0,0,2073600,2.0,1,11,128,0,0,520,0,0
430,15,2,11.6,4,0,1.15,269.0,0,0,1049088,1.6,1,1,16,0,0,400,0,0
366,4,3,17.3,8,3,2.8,1085.0,0,0,2073600,1.6,1,12,128,1024,0,0,530,0
218,4,4,14.0,8,3,1.6,1149.0,0,0,2073600,1.6,1,12,256,0,0,620,0,0
429,12,0,11.6,4,3,1.16,299.0,1,1,2073600,1.1,1,1,32,0,0,500,0,0
716,4,3,15.6,8,3,1.9,1179.0,0,0,2073600,2.6,1,12,256,0,0,620,0,0
340,4,3,15.6,4,1,2.2,274.9,0,0,1049088,1.6,1,1,0,500,0,0,0,0
259,10,0,15.6,8,3,2.0,1699.0,1,1,2073600,2.8,1,13,512,0,0,0,0,1050
1145,7,5,15.6,8,3,2.0,1899.0,0,0,2073600,2.6,1,13,256,0,0,0,0,1000
476,4,5,15.6,8,3,1.78,2408.0,0,0,2073600,2.8,1,13,256,0,0,0,0,1200
333,10,3,15.6,4,3,1.85,449.0,0,0,2073600,2.0,1,11,0,1024,0,520,0,0
91,0,3,15.6,8,3,2.2,689.0,0,0,2073600,1.8,1,13,0,1024,0,0,0,150
1058,4,0,13.3,12,3,1.6,1299.0,1,1,2073600,2.7,1,13,256,0,0,620,0,0
520,10,1,15.6,8,3,3.2,1399.0,0,1,2073600,2.8,1,13,256,1024,0,0,0,1060
124,0,3,15.6,4,3,2.1,451.0,0,0,1049088,3.0,0,7,256,0,0,0,5,0
868,0,3,14.0,8,3,1.56,902.0,0,1,2073600,2.5,1,12,256,0,0,620,0,0
110,2,4,15.6,16,3,1.5,1262.0,0,0,2073600,1.8,1,13,256,1024,0,0,0,150
794,1,4,12.0,8,4,0.92,1165.0,0,1,3317760,1.2,1,10,512,0,0,5300,0,0
825,16,3,14.0,4,3,1.75,499.0,0,0,1049088,2.1,1,2,128,0,0,510,0,0
736,7,5,15.6,16,3,2.6,2419.0,0,0,2073600,2.8,1,13,256,0,0,0,0,2200
1155,7,3,15.6,4,3,1.91,478.89,0,0,2073600,2.5,0,5,256,0,0,0,520,0
1105,4,4,12.5,8,3,1.5,1413.1,0,0,1049088,2.3,1,12,256,0,0,520,0,0
267,10,3,15.6,4,2,2.2,467.0,0,0,2073600,2.5,1,12,0,1024,0,620,0,0
607,10,3,15.6,6,3,2.4,564.0,0,0,2073600,2.5,1,12,0,1024,0,620,0,0
492,2,1,15.6,8,3,1.99,1350.0,0,0,2073600,2.8,1,13,128,1024,0,0,0,1050
928,4,3,15.6,4,3,2.18,708.06,0,0,1049088,2.5,1,12,0,1024,0,620,0,0
367,10,1,15.6,8,2,2.4,809.0,0,1,2073600,2.5,1,12,128,1024,0,0,0,1050
956,4,0,13.3,8,3,1.24,1899.0,1,0,2073600,1.2,1,12,256,0,0,615,0,0
926,10,4,12.5,8,3,1.36,1650.0,0,1,2073600,2.7,1,13,256,0,0,620,0,0
1201,10,3,15.6,8,2,2.2,629.0,0,0,1049088,2.5,1,13,0,500,0,0,0,920
279,10,3,17.3,8,2,2.8,849.0,0,0,2073600,1.8,1,13,0,2048,0,0,0,150
358,4,3,15.6,8,3,2.36,557.37,1,0,1049088,2.5,1,12,0,2048,0,620,0,0
182,10,0,13.9,16,3,1.4,1849.0,1,1,8294400,1.8,1,13,512,0,0,620,0,0
1262,4,3,15.6,6,3,2.3,459.0,0,0,1049088,2.4,1,11,0,1024,0,620,0,0
426,4,3,15.6,8,3,2.02,1142.4,0,0,2073600,1.8,1,13,256,2048,0,0,530,0
1227,4,3,15.6,4,1,2.18,521.86,0,0,1049088,2.5,1,12,0,1024,0,520,0,0
493,0,3,15.6,8,3,2.2,579.0,0,0,1049088,2.5,0,8,0,1024,0,0,540,0
57,2,3,15.6,4,3,2.0,586.19,0,0,1049088,2.5,1,12,256,0,0,620,0,0
149,0,3,15.6,4,3,2.1,447.0,0,0,1049088,2.0,1,11,0,1024,0,520,0,0
1059,11,1,15.6,16,3,2.94,1819.0,0,0,2073600,2.6,1,13,256,1024,0,0,0,1060
682,4,1,15.6,16,3,3.21,2051.0,0,0,2073600,2.5,1,12,128,1024,0,0,0,1060
837,16,3,15.6,4,3,2.0,669.0,0,0,1049088,2.4,1,11,0,500,0,620,0,0
1094,7,2,12.5,4,3,2.4,1599.0,0,0,1049088,2.3,1,12,128,0,0,520,0,0
288,10,1,15.6,16,3,2.5,1179.0,0,1,2073600,2.8,1,13,256,1024,0,0,0,1050
838,10,3,14.0,4,0,1.5,325.0,0,0,1049088,1.6,1,1,16,0,0,400,0,0
547,10,3,15.6,4,2,2.15,462.35,0,0,2073600,2.3,1,12,0,1024,0,520,0,0
1129,7,1,17.3,8,3,3.35,1129.0,0,1,2073600,2.3,1,12,128,1024,0,0,0,1060
206,4,3,15.6,6,3,2.3,439.0,1,0,1049088,2.4,1,11,0,1024,0,620,0,0
348,2,0,11.6,4,3,1.5,375.0,1,0,1049088,1.1,1,1,32,0,0,500,0,0
163,10,1,15.6,16,3,2.5,1079.0,0,1,2073600,2.8,1,13,256,0,0,0,0,1050
535,4,3,15.6,8,3,1.93,1369.0,0,0,2073600,2.8,1,13,256,0,0,0,0,930
1199,11,1,17.3,16,3,2.43,2048.9,0,0,2073600,2.8,1,13,256,1024,0,0,0,1060
1067,4,0,13.3,8,3,1.62,798.01,1,0,2073600,2.5,1,13,256,0,0,520,0,0
112,10,0,13.3,8,3,1.37,1399.0,1,1,2073600,2.5,1,12,256,0,0,620,0,0
900,4,0,13.3,8,3,1.24,2013.1,1,0,5760000,1.3,1,13,512,0,0,615,0,0
556,12,3,13.3,4,3,1.35,255.0,0,1,2073600,1.44,1,0,32,0,0,0,0,0
664,11,1,17.3,8,3,2.7,1486.77,0,0,2073600,2.8,1,13,128,1024,0,0,0,1060
575,12,3,14.0,4,3,1.4,249.0,0,0,2073600,1.44,1,0,32,0,0,0,0,0
805,7,2,12.5,8,3,1.26,1389.0,0,0,1049088,2.6,1,12,256,0,0,620,0,0
808,4,1,15.6,16,3,2.62,1679.0,0,0,8294400,2.8,1,13,512,0,0,0,0,1050
724,11,1,17.3,8,3,2.7,1348.48,0,0,2073600,2.8,1,13,128,1024,0,0,0,1050
505,10,3,13.3,8,3,1.44,949.0,0,0,2073600,2.5,1,12,256,0,0,620,0,0
1019,7,3,14.0,8,3,1.43,2229.0,0,0,2073600,2.5,1,13,256,0,0,520,0,0
326,0,3,15.6,6,3,2.23,549.0,0,0,1049088,2.5,1,12,0,1024,0,620,0,0
536,4,3,15.6,8,3,2.2,797.41,0,0,2073600,1.6,1,12,256,0,0,0,530,0
1108,7,3,15.6,4,3,2.1,398.0,0,0,2073600,2.5,0,5,0,1024,0,0,4,0
132,0,4,14.0,8,3,1.6,884.0,0,1,2073600,1.8,1,13,256,0,0,620,0,0
421,3,3,12.3,6,3,1.4,449.0,0,1,4990464,1.1,1,1,64,0,0,500,0,0
643,2,1,15.6,8,2,2.5,1169.0,0,1,2073600,2.8,1,13,0,1024,0,0,0,1050
512,4,3,15.6,8,3,2.18,836.0,0,0,2073600,2.5,1,12,0,1024,0,620,0,0
1232,4,3,15.6,8,3,2.3,469.01,1,0,1049088,2.4,1,11,0,1024,0,620,0,0
1080,10,4,12.5,8,3,0.99,1399.0,1,1,3686400,1.2,1,10,512,0,0,515,0,0
799,4,3,15.6,8,3,2.0,739.0,0,0,2073600,2.0,1,11,256,0,0,0,5,0
1049,2,2,11.6,4,0,1.2,287.9,0,0,1049088,1.6,1,1,16,0,0,400,0,0
347,4,4,15.6,16,3,1.88,1607.96,0,0,2073600,1.9,1,13,768,0,0,620,0,0
445,4,3,14.0,8,3,1.64,1179.0,0,0,2073600,2.8,1,12,256,0,0,0,0,930
224,4,1,17.3,16,3,4.42,2456.34,0,1,2073600,2.8,1,13,256,1024,0,0,0,1060
617,7,4,15.6,8,3,1.84,1389.0,0,0,2073600,2.7,1,13,512,0,0,620,0,0
667,7,3,15.6,8,3,2.1,745.0,0,0,2073600,2.7,1,13,0,1024,0,0,530,0
1113,7,4,13.3,8,3,1.16,1969.0,0,0,2073600,2.5,1,13,512,0,0,520,0,0
651,0,1,15.6,8,1,2.4,709.0,0,0,2073600,2.5,1,12,0,1024,0,0,0,1050
559,4,3,15.6,4,3,2.18,617.9,0,0,1049088,2.0,1,11,0,1024,0,0,5,0
1195,7,3,15.6,12,3,2.21,1327.0,0,1,2073600,2.8,1,13,128,1024,0,0,0,1050
341,10,3,15.6,12,3,2.2,899.0,0,0,2073600,3.6,0,9,0,2048,0,0,530,0
637,10,3,14.0,2,3,1.42,249.0,0,0,1049088,1.6,1,1,32,0,0,400,0,0
373,10,3,17.3,4,3,2.6,489.0,0,0,1440000,2.2,0,6,128,0,0,0,5,0
351,7,3,15.6,8,3,1.84,1304.0,0,0,2073600,2.7,1,13,256,0,0,620,0,0
744,10,5,15.6,16,3,2.5,3299.0,0,1,8294400,2.8,1,13,1024,0,0,0,0,520
179,7,0,13.3,8,3,1.29,1499.0,1,1,8294400,1.6,1,12,256,0,0,620,0,0
158,4,0,15.6,8,3,1.56,1049.0,1,0,2073600,1.8,1,13,256,0,0,620,0,0
548,7,3,15.6,4,3,1.86,397.0,0,0,2073600,2.0,1,11,0,500,0,520,0,0
746,15,4,13.3,16,3,0.81,1649.0,0,0,2073600,2.7,1,13,256,0,0,620,0,0
277,0,3,15.6,8,3,2.2,745.0,0,1,2073600,1.8,1,13,0,1024,0,0,0,130
930,10,3,15.6,4,3,2.2,309.0,0,0,1049088,1.1,1,2,0,1024,0,505,0,0
800,7,5,15.6,8,3,3.14,2064.9,0,0,2073600,2.8,1,13,256,0,0,0,0,2200
28,4,4,15.6,8,3,1.88,1298.0,0,0,2073600,1.9,1,13,512,0,0,620,0,0
1156,11,1,17.3,16,3,2.7,1492.8,0,0,2073600,2.8,1,13,256,1024,0,0,0,1050
230,2,3,15.6,4,3,2.37,398.99,0,0,1049088,2.4,1,11,0,1024,0,620,0,0
563,10,3,17.3,8,3,3.4,2999.0,0,1,2073600,2.8,1,13,256,0,0,0,0,620
976,10,3,14.0,4,3,1.7,1002.0,0,0,1049088,2.3,1,12,0,0,508,520,0,0
233,4,3,14.0,8,3,1.6,859.0,0,0,2073600,2.5,1,12,256,0,0,620,0,0
423,2,3,15.6,8,1,2.3,597.0,0,0,2073600,2.4,1,11,0,1024,0,0,0,940
1033,7,3,14.0,8,3,1.95,1195.0,0,0,2073600,2.3,1,12,256,0,0,520,0,0
581,4,3,15.6,8,3,1.9,1008.52,0,0,1049088,2.6,1,12,0,500,0,620,0,0
1057,0,3,15.6,8,3,2.4,449.0,0,0,1049088,2.2,0,6,0,1024,0,0,5,0
177,11,1,18.4,32,3,4.4,2799.0,0,0,2073600,2.9,1,13,512,1024,0,0,0,980
1158,10,3,15.6,8,3,2.5,788.49,0,0,2073600,2.3,1,12,0,0,1024,0,5,0
751,7,3,15.6,8,3,1.84,1900.0,0,0,2073600,2.4,1,12,256,0,0,520,0,0
394,4,3,15.6,8,1,2.33,778.87,0,0,2073600,2.7,1,13,256,0,0,0,7,0
1210,1,4,12.0,8,4,0.92,1279.0,0,1,3317760,1.2,1,10,512,0,0,515,0,0
368,4,3,15.6,8,3,2.33,899.0,0,0,2073600,2.7,1,13,256,0,0,0,7,0
164,0,3,15.6,4,3,2.1,348.0,0,0,1049088,1.1,1,1,0,1024,0,500,0,0
729,7,3,15.6,4,3,2.1,489.0,0,0,2073600,3.0,0,7,0,1024,0,0,520,0
560,0,0,11.6,4,3,1.25,349.0,1,1,2073600,2.0,1,1,32,0,0,500,0,0
139,7,3,13.3,4,3,1.32,699.0,0,1,2073600,2.5,1,12,256,0,0,620,0,0
665,16,3,15.6,4,3,2.1,498.0,0,0,1049088,2.1,1,11,128,0,0,520,0,0
1039,7,3,14.0,8,3,1.64,1010.51,0,0,2073600,2.5,1,12,256,0,0,620,0,0
186,4,3,15.6,16,3,2.06,2397.0,1,0,8294400,2.8,1,13,512,0,0,0,0,1050
399,10,4,14.0,16,3,1.13,2625.0,0,1,3686400,2.7,1,13,1024,0,0,620,0,0
963,16,4,12.5,8,3,1.1,1790.0,1,0,2073600,2.7,1,13,512,0,0,620,0,0
246,7,3,15.6,8,3,2.04,559.0,1,0,1049088,2.5,1,12,0,1024,0,620,0,0
1050,10,3,14.0,16,3,1.1,2620.0,0,1,3686400,2.6,1,13,256,0,0,520,0,0
361,2,3,14.0,8,3,2.0,945.0,0,0,2073600,2.5,1,12,256,0,0,620,0,0
986,7,3,15.6,8,3,2.04,806.0,0,0,2073600,2.5,1,12,0,1024,0,620,0,0
534,2,1,15.6,8,3,2.3,1649.0,0,1,2073600,2.5,1,12,128,1024,0,0,0,1060
1127,7,4,12.5,8,3,1.26,1895.0,0,0,1049088,2.4,1,12,256,0,0,520,0,0
295,10,1,15.6,8,3,3.2,1299.0,0,1,2073600,2.8,1,13,0,1024,0,0,0,1060
834,10,3,14.0,8,3,1.32,1650.0,0,1,2073600,2.6,1,12,256,0,0,620,0,0
721,7,0,13.3,8,3,1.58,836.6,1,1,1049088,2.5,1,12,256,0,0,620,0,0
840,2,1,17.3,16,3,2.73,1799.0,0,0,2073600,2.6,1,13,512,1024,0,0,0,1060
625,10,3,15.6,8,3,2.2,899.0,0,0,2073600,2.7,1,13,0,1024,0,0,0,920
862,16,3,13.3,4,3,1.05,1285.0,0,0,2073600,2.5,1,12,128,0,0,620,0,0
616,4,3,15.6,4,1,2.18,569.0,0,0,2073600,2.5,1,12,128,0,0,0,5,0
790,2,1,15.6,8,3,2.24,1339.0,0,0,2073600,2.8,1,13,128,1024,0,0,0,1060
1101,4,4,12.5,4,3,1.5,1166.97,0,0,1049088,2.3,1,11,128,0,0,520,0,0
1248,10,3,15.6,8,2,2.3,573.0,0,1,2073600,2.5,1,12,256,0,0,620,0,0
197,7,3,13.3,8,3,1.49,959.0,0,0,2073600,1.6,1,12,512,0,0,620,0,0
726,4,3,15.6,8,3,2.2,719.0,0,0,2073600,1.6,1,12,128,1024,0,0,530,0
339,4,3,15.6,8,3,2.0,1142.75,0,0,2073600,1.6,1,12,256,0,0,0,0,940
142,10,1,15.6,8,2,2.4,869.0,0,1,2073600,2.8,1,13,256,0,0,0,0,1050
1071,7,3,15.6,4,3,2.31,1199.0,0,0,1049088,2.3,1,12,0,500,0,520,0,0
654,7,3,15.6,4,2,1.86,364.9,0,0,1049088,2.0,1,11,0,500,0,520,0,0
1228,10,1,15.6,16,3,2.6,1029.0,1,1,2073600,2.6,1,13,128,1024,0,0,0,960
451,4,5,15.6,16,3,2.17,1975.0,0,1,2073600,2.7,1,13,256,0,0,0,0,620
255,4,4,13.3,8,3,1.41,949.0,0,0,2073600,1.6,1,12,256,0,0,620,0,0
955,4,1,17.3,16,3,4.36,3154.0,0,1,8294400,2.8,1,13,512,1024,0,0,0,1070
1109,2,1,15.6,16,3,2.59,1339.0,0,1,2073600,2.6,1,13,128,1024,0,0,0,960
23,4,0,13.3,8,3,1.62,819.0,1,0,2073600,1.6,1,12,256,0,0,620,0,0
549,10,3,15.6,8,3,1.99,1729.0,0,1,2073600,2.7,1,13,512,0,0,620,0,0
903,10,4,14.0,8,3,1.13,2049.0,0,1,2073600,2.7,1,13,256,0,0,620,0,0
1147,4,3,15.6,8,3,2.18,1009.9,0,0,2073600,2.7,1,13,256,0,0,0,0,940
123,7,3,17.3,16,3,2.5,1271.0,0,0,2073600,1.8,1,13,512,0,0,0,0,930
243,4,1,15.6,8,3,2.56,879.0,0,0,2073600,2.5,1,12,256,0,0,0,0,1050
839,2,3,15.6,8,3,2.3,590.0,0,0,2073600,2.5,1,12,0,128,0,620,0,0
331,16,3,15.6,8,3,2.0,943.0,0,1,2073600,2.5,1,12,256,0,0,620,0,0
1141,11,1,15.6,8,3,2.4,1142.8,0,0,2073600,2.8,1,13,128,1024,0,0,0,1050
1208,0,3,17.3,8,3,3.3,629.0,0,0,1440000,2.0,1,11,0,1024,0,0,0,940
1294,7,3,15.6,6,3,2.04,549.99,0,0,2073600,2.9,0,7,0,0,1024,0,7,0
670,13,4,13.5,8,3,1.252,1867.85,1,0,3393024,2.8,1,13,256,0,0,640,0,0
278,10,3,17.3,4,3,2.8,489.0,0,0,1440000,2.0,1,11,0,1024,0,520,0,0
1246,4,3,14.0,4,3,1.6,875.0,0,0,1049088,2.5,1,12,0,500,0,620,0,0
65,2,4,15.6,16,3,1.8,1983.0,0,0,2073600,2.8,1,13,512,0,0,0,0,1050
1060,7,3,15.6,8,3,2.04,1070.0,0,0,2073600,2.7,1,13,256,0,0,620,0,0
1014,7,3,13.3,4,3,1.49,800.0,0,0,1049088,2.4,1,11,0,500,0,620,0,0
165,11,1,15.6,16,3,2.4,1799.0,0,1,2073600,2.8,1,13,256,1024,0,0,0,1060
364,10,3,15.6,8,2,2.2,499.0,0,0,1049088,2.0,1,11,256,0,0,0,0,920
44,4,0,17.3,12,3,2.77,999.0,1,0,2073600,1.6,1,12,0,1024,0,0,0,150
1116,10,1,17.3,16,3,4.6,2749.99,0,1,2073600,2.7,1,13,256,0,1024,0,0,980
705,4,3,15.6,8,3,2.18,795.0,0,0,2073600,2.5,1,12,256,0,0,620,0,0
354,16,3,15.6,16,3,2.4,1403.0,0,1,2073600,2.5,1,13,512,0,0,0,0,930
995,2,3,13.3,8,3,1.4,1150.0,0,0,5760000,2.5,1,12,256,0,0,620,0,0
357,4,1,15.6,8,3,2.65,999.0,0,0,2073600,2.5,1,12,0,1024,0,0,0,1050
579,4,3,15.6,8,1,2.2,749.01,0,0,2073600,2.7,1,13,256,0,0,0,5,0
312,11,1,15.6,16,3,2.8,2099.0,0,1,2073600,2.8,1,13,256,1024,0,0,0,1070
938,4,4,14.0,8,3,1.36,1639.0,0,0,2073600,2.5,1,12,256,0,0,620,0,0
238,2,1,17.3,32,3,4.7,3890.0,0,0,2073600,2.9,1,13,512,1024,0,0,0,1080
622,4,3,15.6,4,3,2.2,776.0,0,0,2073600,1.6,1,12,0,1024,0,0,530,0
31,2,3,14.0,2,3,1.65,199.0,0,0,1049088,1.5,0,3,32,0,0,0,2,0
16,4,3,15.6,8,3,2.2,745.0,0,0,2073600,2.7,1,13,256,0,0,0,5,0
958,4,4,13.3,8,3,1.3,1268.0,0,0,5760000,2.5,1,13,256,0,0,520,0,0
129,7,3,17.3,8,3,2.5,928.0,0,0,2073600,1.6,1,12,256,0,0,620,0,0
795,10,0,14.0,8,3,1.42,2330.0,1,1,3686400,2.5,1,12,256,0,0,620,0,0
1154,4,3,15.6,8,3,2.04,2250.68,1,1,8294400,2.3,1,12,256,0,0,0,0,960
924,10,0,13.3,8,3,1.37,1825.0,1,1,2073600,2.5,1,12,512,0,0,620,0,0
730,0,1,17.3,16,3,4.2,1935.0,0,1,2073600,2.6,1,13,128,1024,0,0,0,1060
771,15,0,15.0,16,3,1.71,1799.0,1,0,2073600,2.7,1,13,256,0,0,0,540,0
737,4,0,13.3,8,3,1.55,659.0,1,0,2073600,1.6,1,12,0,1024,0,620,0,0
527,10,3,15.6,8,2,2.2,459.0,0,0,1049088,2.0,1,11,0,2048,0,0,0,920
989,4,3,14.0,8,3,1.6,1119.0,0,0,2073600,2.5,1,12,128,0,0,620,0,0
587,10,4,14.0,12,3,1.4,1673.0,0,1,2073600,2.6,1,13,256,0,0,520,0,0
1220,10,3,15.6,8,3,2.3,1529.0,0,1,2073600,2.6,1,13,256,0,0,520,0,0
809,10,3,15.6,4,3,2.4,609.0,0,0,2073600,2.5,1,12,0,1024,0,0,0,920
1085,7,3,14.0,4,3,1.54,1030.99,0,0,2073600,2.3,1,12,0,500,0,520,0,0
1234,1,4,11.6,4,4,1.08,959.0,0,0,1049088,1.6,1,12,256,0,0,6000,0,0
1003,7,3,14.0,4,3,1.64,779.0,0,0,1049088,2.5,1,12,0,500,0,620,0,0
815,10,4,14.0,8,3,1.32,1859.0,0,0,2073600,2.7,1,13,256,0,0,620,0,0
647,14,1,14.0,16,3,1.95,2599.0,0,0,2073600,2.8,1,13,256,0,0,0,0,1060
1016,7,3,15.6,4,3,2.04,769.99,0,0,1049088,2.4,1,11,256,0,0,620,0,0
931,7,4,12.5,4,3,1.26,1579.0,0,0,2073600,2.3,1,12,0,500,0,520,0,0
551,4,3,15.6,8,3,1.9,1116.99,0,0,2073600,2.5,1,12,256,0,0,620,0,0
402,10,3,15.6,8,3,2.1,1144.5,0,1,2073600,1.6,1,12,256,1024,0,0,550,0
895,16,3,13.3,8,3,1.05,1475.0,0,0,2073600,2.5,1,12,256,0,0,620,0,0
225,0,3,15.6,8,3,2.2,832.0,0,0,2073600,2.7,1,13,256,0,0,0,0,940
105,7,3,14.0,6,3,1.58,659.0,0,1,2073600,2.5,1,12,256,0,0,0,0,940
266,2,0,13.3,8,3,1.1,1499.0,1,0,2073600,1.8,1,13,1024,0,0,620,0,0
524,4,3,17.3,8,1,2.8,889.0,0,1,2073600,1.6,1,12,128,1024,0,0,530,0
1221,11,1,15.6,8,3,2.2,1476.11,0,0,2073600,2.6,1,13,128,1024,0,0,0,1060
69,2,1,17.3,12,1,3.0,949.0,0,0,2073600,2.8,1,13,0,1024,0,0,0,1050
632,10,3,15.6,4,3,1.8,829.0,0,0,2073600,1.6,1,12,256,0,0,620,0,0
304,2,1,15.6,8,3,2.5,1265.0,0,0,2073600,2.8,1,13,128,1024,0,0,0,1050
308,10,3,15.6,8,3,2.3,819.0,0,0,2073600,2.5,1,12,128,1024,0,0,0,940
916,7,3,13.3,8,3,1.49,960.0,0,0,2073600,2.5,1,12,256,0,0,620,0,0
510,4,4,13.3,8,3,1.29,899.0,1,1,2073600,2.5,1,12,128,0,0,620,0,0
1165,4,1,15.6,8,3,2.62,1498.0,0,0,8294400,2.8,1,13,128,1024,0,0,0,1050
1115,4,4,13.3,8,3,1.23,1379.0,0,0,2073600,2.4,1,13,256,0,0,640,0,0
638,10,0,13.3,8,3,1.37,1757.42,1,1,2073600,2.7,1,13,256,0,0,620,0,0
335,7,3,14.0,8,3,1.48,1268.0,0,0,2073600,2.6,1,12,256,0,0,620,0,0
901,2,1,17.3,32,3,3.58,1279.0,0,1,2073600,2.7,1,13,512,0,0,0,0,980
889,10,3,17.3,4,3,2.8,379.0,0,0,1440000,2.2,0,4,0,500,0,0,3,0
979,2,1,17.3,16,3,2.99,1749.0,0,0,2073600,2.8,1,13,256,1024,0,0,0,1050
778,14,1,14.0,16,3,1.95,2899.0,0,0,2073600,2.8,1,13,512,0,0,0,0,1060
93,4,1,15.6,8,3,2.65,1195.0,0,0,2073600,2.5,1,12,256,0,0,0,0,1060
779,2,3,15.6,8,3,2.0,581.9,0,0,2073600,1.1,1,2,128,0,0,505,0,0
1207,10,3,15.6,4,3,2.2,299.0,0,0,1049088,2.2,0,3,0,500,0,0,2,0
6,1,4,15.4,16,4,2.04,2139.97,0,1,5184000,2.2,1,13,256,0,0,0,0,0
270,1,4,13.3,8,4,1.37,1958.9,0,1,4096000,2.9,1,12,512,0,0,550,0,0
1277,0,3,15.6,4,1,2.4,289.0,0,0,1049088,1.6,1,1,0,500,0,400,0,0
646,0,4,14.0,8,3,1.8,919.0,0,1,2073600,2.5,1,12,256,0,0,620,0,0
679,0,1,15.6,16,3,2.5,1299.0,0,0,2073600,2.5,1,12,256,0,0,0,0,1050
785,11,1,14.0,16,3,1.6,1891.0,0,1,2073600,2.8,1,13,256,1024,0,0,0,1060
143,16,3,15.6,4,3,2.1,602.0,0,0,1049088,2.3,1,12,0,500,0,520,0,0
572,7,3,15.6,6,3,1.95,649.0,0,1,2073600,3.0,0,7,256,0,0,0,530,0
86,7,4,15.6,8,3,1.83,699.0,0,1,2073600,1.8,1,13,256,0,0,0,0,940
525,10,3,14.0,8,3,2.02,1340.0,0,0,2073600,2.3,1,12,256,0,0,520,0,0
644,0,3,15.6,4,3,2.4,450.0,0,0,1049088,2.0,1,11,0,500,0,520,0,0
144,7,3,15.6,4,3,1.86,369.0,0,0,1049088,2.5,0,5,256,0,0,0,4,0
400,10,3,15.6,4,3,2.2,306.0,0,0,1049088,1.1,1,1,0,1024,0,500,0,0
481,4,3,15.6,4,3,2.18,586.6,0,0,1049088,2.4,1,11,0,1024,0,620,0,0
855,4,3,15.6,8,3,1.9,945.0,0,0,2073600,2.5,1,12,128,0,0,620,0,0
461,0,2,11.6,4,3,1.4,435.0,0,0,1049088,1.6,1,1,128,0,0,400,0,0
232,10,1,15.6,16,3,3.2,1499.0,0,1,2073600,2.8,1,13,256,1024,0,0,0,1060
653,11,1,15.6,8,3,2.2,1191.8,0,0,2073600,2.8,1,13,128,1024,0,0,0,1050
1031,0,3,15.6,6,3,2.1,409.0,0,0,1049088,3.0,0,7,0,1024,0,0,5,0
685,4,1,15.6,16,3,3.49,2813.75,0,0,2073600,2.9,1,13,256,1024,0,0,0,1070
1092,2,1,17.3,8,3,2.7,1599.0,0,1,2073600,2.8,1,13,256,1024,0,0,0,1060
412,7,3,15.6,4,3,2.1,469.0,0,0,2073600,2.0,1,11,0,1024,0,0,520,0
948,4,3,17.3,4,3,2.36,659.0,0,0,1440000,2.0,1,11,0,1024,0,0,7,0
1300,10,3,14.0,2,3,1.5,229.0,0,0,1049088,1.6,1,1,64,0,0,0,0,0
286,10,3,15.6,8,3,1.95,1097.0,0,1,2073600,2.7,1,13,256,0,0,630,0,0
1121,7,3,13.3,8,3,1.16,1690.0,0,0,2073600,2.3,1,12,256,0,0,520,0,0
1209,2,1,15.6,16,3,2.2,2449.0,0,0,2073600,2.8,1,13,256,1024,0,0,0,1070
388,4,5,15.6,8,3,2.0,2135.0,0,1,2073600,2.7,1,13,256,0,0,0,0,1200
754,2,3,15.6,4,3,2.37,849.9,0,0,1049088,2.7,1,13,256,0,0,620,0,0
159,16,3,15.6,4,3,2.1,447.0,0,0,1049088,2.2,1,11,0,500,0,520,0,0
204,4,5,15.6,16,3,2.8,3055.0,0,0,8294400,3.0,1,14,256,1024,0,0,0,1200
1181,10,4,15.6,6,3,1.54,831.0,0,0,2073600,2.7,1,13,256,0,0,0,0,920
46,10,3,15.6,4,2,2.2,369.0,0,0,1049088,2.0,1,11,128,0,0,520,0,0
465,2,3,15.6,4,3,2.0,304.0,0,0,1049088,1.1,1,2,0,500,0,500,0,0
952,16,3,13.3,8,3,1.2,1460.0,0,0,2073600,2.3,1,12,256,0,0,520,0,0
741,4,3,15.6,8,3,2.0,665.0,0,0,1049088,2.0,1,11,256,0,0,520,0,0
540,4,4,13.3,8,3,1.2,1399.0,1,0,5760000,1.8,1,13,256,0,0,620,0,0
974,2,1,17.3,16,3,2.73,2049.9,0,0,2073600,2.8,1,13,256,1024,0,0,0,1060
1006,7,3,14.0,4,3,1.95,1205.0,0,0,2073600,2.5,1,12,256,0,0,620,0,0
9,0,4,14.0,8,3,1.6,770.0,0,1,2073600,1.6,1,12,256,0,0,620,0,0
192,18,4,13.3,8,2,1.3,999.9,0,1,2073600,2.5,1,12,256,0,0,0,0,150
235,4,3,15.6,16,1,2.36,899.0,0,0,2073600,2.7,1,13,256,0,0,0,7,0
1249,4,0,13.3,8,3,1.24,1813.0,1,0,5760000,1.2,1,12,256,0,0,615,0,0
892,15,4,15.0,8,3,1.17,1699.0,0,0,2073600,2.7,1,13,256,0,0,620,0,0
802,4,4,13.3,8,3,1.29,1499.0,0,0,2073600,2.5,1,12,256,0,0,620,0,0
937,11,1,15.6,8,3,2.2,1199.0,0,0,2073600,2.8,1,13,128,1024,0,0,0,1050
996,7,4,13.3,8,3,1.11,1349.0,1,1,2073600,2.7,1,13,256,0,0,620,0,0
15,1,4,13.3,8,4,1.37,1518.55,0,1,4096000,2.3,1,12,256,0,0,640,0,0
375,7,3,15.6,4,3,1.91,488.99,0,0,2073600,3.0,0,7,256,0,0,0,5,0
745,0,3,14.0,2,0,1.68,330.0,0,0,1049088,1.6,1,1,32,0,0,400,0,0
526,10,3,15.6,4,3,2.2,799.0,0,0,2073600,2.7,1,13,0,1024,0,0,0,920
586,7,1,17.3,16,3,3.78,1498.0,0,1,2073600,2.8,1,13,256,1024,0,0,0,1050
531,16,3,15.6,8,3,2.0,860.0,0,1,2073600,2.5,1,12,0,500,0,620,0,0
1204,2,1,15.6,8,3,2.2,1169.0,0,0,2073600,2.6,1,13,0,1024,0,0,0,1060
1007,7,4,14.0,8,3,1.43,1449.0,0,0,2073600,2.6,1,13,256,0,0,520,0,0
1111,4,3,15.6,4,3,2.24,769.15,0,0,1049088,2.3,1,12,0,500,0,0,5,0
497,7,3,14.0,8,3,1.48,1749.0,0,0,2073600,2.8,1,13,1024,0,0,620,0,0
1242,0,3,15.6,4,1,2.4,361.8,0,0,1049088,2.0,1,11,0,500,0,520,0,0
391,2,1,17.3,16,3,3.0,1591.0,0,0,2073600,2.8,1,13,256,1024,0,0,0,1050
242,2,3,17.3,8,2,2.69,889.0,0,0,2073600,2.7,1,13,128,1024,0,0,0,950
553,7,3,17.3,8,3,2.65,544.15,0,0,1440000,2.0,1,11,0,1024,0,520,0,0
355,4,3,15.6,8,3,2.02,970.9,0,0,2073600,1.8,1,13,128,2048,0,0,530,0
818,4,1,17.3,16,3,4.36,2505.02,0,1,2073600,2.8,1,13,128,1024,0,0,0,1060
145,2,4,14.0,8,3,1.25,1099.0,0,0,2073600,1.8,1,13,256,0,0,620,0,0
1241,2,4,13.3,8,3,1.45,1280.0,0,0,2073600,2.5,1,13,256,0,0,520,0,0
133,0,3,15.6,4,3,2.2,572.0,0,0,2073600,2.7,1,11,256,0,0,0,0,130
1027,7,3,14.0,4,3,1.95,1060.0,0,0,1049088,2.5,1,12,0,500,0,620,0,0
922,7,4,13.3,8,3,1.39,1149.0,1,0,5760000,2.7,1,13,256,0,0,620,0,0
214,8,4,13.0,8,3,1.05,1499.0,0,1,3110400,2.7,1,13,512,0,0,620,0,0
58,11,1,17.3,16,3,2.43,2449.0,0,0,2073600,2.8,1,13,256,2048,0,0,0,1070
627,10,3,15.6,4,2,2.2,468.0,0,0,2073600,2.5,1,12,128,0,0,620,0,0
227,2,3,15.6,8,3,2.0,769.0,0,0,2073600,2.5,1,12,256,0,0,0,0,920
671,10,3,15.6,8,3,1.9,817.95,0,0,2073600,2.5,1,12,128,1024,0,0,5,0
857,7,0,13.3,8,3,1.28,2559.0,1,0,2073600,2.8,1,13,256,0,0,620,0,0
256,7,3,15.6,8,3,1.91,445.9,0,0,1049088,2.5,0,5,128,0,0,0,4,0
464,10,3,15.6,8,3,2.67,2090.0,0,0,2073600,2.9,1,13,256,0,0,0,0,2200
49,2,3,17.3,4,3,2.8,466.0,0,0,1049088,1.1,1,2,0,1024,0,0,0,920
301,2,1,17.3,16,3,2.9,2122.0,0,0,2073600,2.8,1,13,256,1024,0,0,0,1070
346,7,3,14.0,2,3,1.44,279.0,0,0,1049088,1.6,1,1,32,0,0,400,0,0
893,10,4,14.0,8,3,1.32,1799.0,0,1,2073600,2.5,1,12,256,0,0,620,0,0
566,4,3,15.6,4,3,1.93,959.0,0,0,1049088,2.6,1,12,0,500,0,620,0,0
881,7,0,15.6,4,3,2.3,684.8,1,0,1049088,2.5,1,12,0,500,0,620,0,0
1026,7,3,14.0,4,3,2.31,1189.0,0,0,1049088,2.5,1,12,0,500,0,620,0,0
1243,4,0,17.3,16,3,2.77,1799.0,1,0,2073600,2.7,1,13,512,0,0,0,0,940
964,7,3,15.6,8,3,2.04,846.5,0,0,1049088,2.5,1,12,0,1024,0,0,0,930
610,10,3,15.6,32,3,2.5,4899.0,0,1,8294400,3.1,1,14,1024,0,0,0,0,2200
1173,10,3,15.6,4,2,2.1,398.0,0,0,1049088,2.3,1,12,0,500,0,520,0,0
78,0,3,15.6,4,3,2.2,530.0,0,0,2073600,2.7,1,11,0,1024,0,0,0,130
1082,10,0,10.1,4,3,0.69,646.27,1,1,2304000,1.44,1,0,64,0,0,400,0,0
611,4,1,15.6,16,3,2.59,879.01,0,0,2073600,2.6,1,13,0,1024,0,0,0,960
1149,10,0,14.0,8,3,1.27,2339.0,1,1,3686400,2.5,1,13,256,0,0,520,0,0
118,2,3,17.3,4,3,2.0,564.0,0,0,2073600,2.0,1,11,0,1024,0,0,0,920
397,10,3,14.0,8,3,1.9,938.0,0,1,2073600,2.5,1,12,256,0,0,620,0,0
316,7,0,13.3,16,3,1.29,2449.0,1,1,8294400,1.8,1,13,1024,0,0,620,0,0
168,0,3,17.3,8,3,3.0,854.0,0,1,2073600,1.6,1,12,256,0,0,0,0,150
1013,7,4,14.0,8,3,1.54,1887.21,0,0,2073600,2.5,1,13,256,0,0,520,0,0
1002,4,3,15.6,4,3,2.18,547.0,0,0,1049088,2.4,1,11,128,0,0,620,0,0
318,7,3,14.0,8,3,1.95,980.0,0,0,2073600,2.5,1,12,256,0,0,620,0,0
310,10,3,13.3,8,3,1.1,999.0,0,1,2073600,2.5,1,12,256,0,0,620,0,0
760,10,1,15.6,8,3,2.5,1048.0,0,1,2073600,2.8,1,13,128,1024,0,0,0,1050
594,10,3,17.3,4,2,2.8,529.0,0,0,2073600,2.0,1,11,0,500,0,520,0,0
898,4,3,15.6,4,3,2.18,614.0,0,0,1049088,2.0,1,11,0,1024,0,0,5,0
687,4,3,15.6,4,3,2.2,545.67,0,0,1049088,2.0,1,11,0,1024,0,0,5,0
1301,7,3,15.6,6,3,2.19,764.0,0,0,1049088,2.5,1,13,0,1024,0,0,5,0
1180,10,0,14.0,8,3,1.36,1637.0,1,1,3686400,2.3,1,12,256,0,0,520,0,0
704,10,3,15.6,4,2,1.9,450.0,0,0,1049088,2.0,1,11,0,500,0,520,0,0
1118,16,4,13.3,16,3,1.05,2226.0,0,0,2073600,2.7,1,13,512,0,0,620,0,0
657,4,3,15.6,16,3,2.2,1135.0,0,0,2073600,1.8,1,13,256,2048,0,0,530,0
1253,10,3,14.0,8,3,1.9,1072.0,0,1,2073600,2.3,1,12,256,0,0,520,0,0
26,1,4,13.3,8,4,1.35,1099.0,0,0,1296000,1.6,1,12,128,0,0,6000,0,0
968,4,1,17.3,32,3,4.42,3149.0,0,1,2073600,2.8,1,13,256,1024,0,0,0,1070
810,7,1,17.3,12,3,3.74,1749.0,0,1,2073600,2.8,1,13,0,1024,0,0,580,0
695,0,2,11.6,4,3,1.4,269.0,0,0,1049088,1.6,1,1,32,0,0,0,0,0
669,0,3,15.6,4,1,2.1,412.0,0,0,1049088,2.0,1,11,128,0,0,520,0,0
841,4,1,17.3,32,3,4.42,3072.89,0,1,2073600,2.8,1,13,512,1024,0,0,0,1070
447,4,5,15.6,8,3,2.23,1993.0,0,0,2073600,3.0,1,14,64,1024,0,0,0,620
787,10,1,15.6,4,3,2.4,999.0,0,1,2073600,2.8,1,13,0,1024,0,0,0,1050
1034,7,3,15.6,8,3,1.84,1228.99,0,0,2073600,2.5,1,13,256,0,0,520,0,0
797,4,3,15.6,8,3,1.95,810.0,0,0,1049088,2.5,1,12,128,0,0,620,0,0
823,11,1,15.6,8,3,2.4,1199.0,0,0,2073600,2.5,1,12,256,0,0,0,0,1050
655,16,3,15.6,8,3,2.0,1064.0,0,1,2073600,2.5,1,12,0,500,0,620,0,0
1138,11,1,17.3,16,3,3.78,2399.0,0,0,2073600,2.7,1,13,256,1024,0,0,0,980
329,4,3,15.6,32,3,2.06,2639.0,1,0,8294400,2.8,1,13,1024,0,0,0,0,1050
516,7,3,15.6,4,3,2.04,521.47,1,0,1049088,1.6,1,12,0,1024,0,620,0,0
1288,2,3,15.6,4,3,2.2,369.0,0,0,1049088,1.6,1,1,0,500,0,0,0,0
1012,7,3,14.0,4,3,1.48,1590.0,0,0,2073600,2.5,1,12,256,0,0,620,0,0
1151,7,3,15.6,4,3,1.86,297.0,0,0,1049088,1.8,0,3,0,500,0,0,2,0
793,10,0,15.6,8,3,2.08,959.0,1,0,2073600,2.5,1,12,256,0,0,0,7,0
601,7,3,15.6,4,3,2.1,668.48,0,0,1049088,2.4,1,11,0,500,0,620,0,0
942,0,3,15.6,4,3,2.23,619.0,0,0,1049088,2.5,1,12,0,500,0,620,0,0
844,7,4,14.0,8,3,1.54,1870.0,0,0,2073600,2.5,1,13,512,0,0,520,0,0
782,16,4,14.0,16,3,1.47,1764.0,0,1,2073600,2.6,1,13,512,0,0,0,0,930
425,4,1,15.6,8,3,2.62,1159.0,0,1,2073600,2.8,1,13,128,1024,0,0,0,1050
691,10,3,14.0,4,3,1.7,699.0,0,0,2073600,2.5,1,12,256,0,0,620,0,0
59,2,3,15.6,4,1,2.0,415.0,0,0,2073600,2.0,1,11,256,0,0,520,0,0
1185,2,1,15.6,8,3,2.591,909.0,0,1,2073600,2.6,1,13,256,1024,0,0,0,960
35,10,3,14.0,4,3,1.44,249.0,0,0,1049088,1.1,1,1,64,0,0,500,0,0
313,0,3,15.6,8,3,2.23,469.0,0,0,2073600,2.2,0,6,256,0,0,0,5,0
977,2,0,15.6,16,3,2.3,1799.0,1,0,8294400,2.7,1,13,512,2048,0,0,0,950
258,11,1,17.3,16,3,4.14,2499.0,0,0,2073600,2.8,1,13,512,1024,0,0,0,1070
878,4,3,15.6,4,3,2.18,912.5,0,0,2073600,2.5,1,12,128,1024,0,0,0,940
690,0,3,14.0,4,0,1.45,375.0,0,0,1049088,1.6,1,1,32,0,0,510,0,0
252,2,3,15.6,4,3,1.68,469.0,0,0,1049088,3.0,0,7,0,1024,0,0,5,0
918,4,1,15.6,16,3,2.6,1349.0,0,0,2073600,2.8,1,13,128,1024,0,0,0,1050
659,4,1,17.3,32,3,4.42,3147.37,0,1,8294400,2.8,1,13,512,1024,0,0,0,1070
554,7,3,17.3,8,3,2.63,1280.0,0,0,2073600,2.7,1,13,0,1024,0,0,0,930
428,7,1,17.3,12,3,3.35,1999.0,0,0,2073600,2.8,1,13,256,1024,0,0,0,1070
64,7,3,15.6,8,3,1.86,690.0,0,0,2073600,2.5,1,12,256,0,0,620,0,0
1131,10,0,14.0,8,3,1.8,2050.38,1,1,2073600,2.6,1,13,512,0,0,0,0,500
200,4,1,15.6,16,3,2.65,1845.0,0,1,8294400,2.8,1,13,512,1024,0,0,0,1060
1296,7,2,11.6,2,3,1.17,209.0,0,0,1049088,1.6,1,1,32,0,0,400,0,0
1072,7,4,12.5,8,3,1.26,1199.0,0,0,2073600,2.3,1,12,256,0,0,520,0,0
1025,7,4,12.5,4,3,1.26,1559.0,0,0,1049088,2.5,1,12,256,0,0,620,0,0
1200,4,3,15.6,4,3,2.3,499.0,0,0,1049088,2.0,1,11,128,0,0,0,7,0
152,10,3,15.6,4,3,1.9,498.0,0,0,1049088,2.5,1,12,128,0,0,620,0,0
437,6,4,12.3,16,0,1.1,2199.0,1,0,3840000,1.3,1,13,512,0,0,615,0,0
25,4,3,15.6,4,3,2.3,418.64,0,0,1049088,2.0,1,11,0,1024,0,520,0,0
1257,4,3,15.6,4,3,2.29,490.0,0,0,1049088,2.0,1,11,0,500,0,520,0,0
466,0,3,15.6,4,3,2.2,469.0,0,0,1049088,2.0,1,11,0,500,0,0,0,940
265,4,0,15.6,8,3,2.67,799.0,1,0,2073600,1.6,1,12,256,0,0,620,0,0
752,2,3,15.6,4,2,2.45,579.0,0,0,1049088,2.3,1,12,0,1024,0,0,0,950
24,7,4,15.6,8,3,1.91,659.0,0,0,2073600,1.8,1,13,256,0,0,620,0,0
100,7,3,15.6,8,3,1.91,719.0,0,0,2073600,2.7,1,13,256,0,0,0,530,0
519,2,1,17.3,16,3,3.0,1504.0,0,0,2073600,2.8,1,13,256,1024,0,0,0,1050
645,10,3,14.0,4,3,1.43,274.0,0,0,1049088,1.6,1,1,32,0,0,0,0,0
1053,7,3,15.6,4,3,2.04,979.0,0,0,1049088,2.5,1,12,256,0,0,620,0,0
207,4,4,13.3,8,3,1.21,1949.0,1,1,8294400,1.8,1,13,256,0,0,620,0,0
226,4,3,15.6,16,3,2.3,859.01,1,0,2073600,2.7,1,13,0,1024,0,0,7,0
683,7,3,17.3,4,3,2.5,699.0,0,1,2073600,2.0,1,11,256,0,0,0,5,0
127,2,3,14.0,4,3,1.65,277.99,0,0,1049088,1.5,0,3,64,0,0,0,2,0
1213,4,0,15.6,8,3,2.191,999.0,1,1,2073600,2.5,1,12,256,0,0,620,0,0
1229,11,1,15.6,8,3,2.2,1149.0,0,0,2073600,2.8,1,13,128,1024,0,0,0,1050
742,16,3,14.0,8,3,1.25,1535.0,1,1,2073600,2.5,1,12,256,0,0,620,0,0
273,10,0,14.0,16,3,1.36,2499.0,1,0,3686400,2.6,1,13,512,0,0,520,0,0
404,11,1,17.3,16,3,2.8,2249.0,0,0,2073600,2.8,1,13,256,1024,0,0,0,1070
1217,10,3,17.3,8,2,2.8,539.0,0,0,1440000,2.5,1,12,0,1024,0,620,0,0
1212,11,1,17.3,16,3,2.43,1948.99,0,1,2073600,2.6,1,13,256,1024,0,0,0,1060
1168,7,3,14.0,2,3,1.44,249.0,0,0,1049088,1.6,1,1,32,0,0,400,0,0
590,2,0,15.6,8,3,2.2,739.0,1,0,1049088,2.5,1,12,0,1024,0,520,0,0
111,4,4,13.3,8,3,1.23,1379.0,1,0,5760000,2.4,1,13,256,0,0,640,0,0
1279,10,3,15.6,8,3,2.6,899.0,0,1,2073600,2.6,1,13,0,1024,0,0,0,960
1159,7,0,13.3,8,3,1.48,2041.0,1,0,3686400,2.6,1,13,512,0,0,520,0,0
891,7,0,13.3,16,3,1.42,1399.0,1,0,5760000,2.7,1,13,256,0,0,620,0,0
848,7,0,13.3,8,3,1.28,2277.0,1,0,2073600,2.5,1,12,256,0,0,620,0,0
87,7,3,15.6,8,3,1.96,598.99,0,0,2073600,2.5,1,12,256,0,0,620,0,0
1205,4,3,15.6,8,3,2.36,889.0,0,0,2073600,2.5,1,12,256,0,0,0,7,0
374,4,0,13.3,8,3,1.62,869.01,1,0,2073600,1.8,1,13,256,0,0,620,0,0
1032,11,1,17.3,8,3,2.7,1191.8,0,0,2073600,2.8,1,13,128,1024,0,0,0,1050
530,4,1,17.3,16,3,4.42,3012.77,0,1,2073600,2.8,1,13,128,1024,0,0,0,1070
338,2,3,15.6,4,1,2.0,274.99,0,0,1049088,1.1,1,1,0,1024,0,500,0,0
275,4,3,15.6,12,3,2.3,713.07,0,0,1049088,2.7,1,13,0,1024,0,620,0,0
89,4,4,13.3,8,3,1.21,1649.0,0,1,2073600,1.8,1,13,256,0,0,620,0,0
1293,10,3,15.6,8,3,2.6,899.0,0,1,2073600,2.6,1,13,0,1024,0,0,0,960
821,16,4,14.0,4,3,1.25,1090.0,0,0,1049088,2.5,1,12,128,0,0,620,0,0
1289,2,4,13.3,8,3,1.2,729.0,0,1,2073600,0.9,1,10,512,0,0,515,0,0
38,7,3,15.6,4,3,1.86,488.69,0,0,1049088,2.5,1,12,0,1024,0,620,0,0
701,10,3,15.6,4,3,2.2,399.0,0,0,2073600,2.9,0,7,256,0,0,0,530,0
1150,10,3,15.6,4,2,1.9,339.0,0,0,1049088,2.0,1,11,0,1024,0,520,0,0
673,10,3,15.6,4,3,2.2,349.0,0,0,1049088,2.2,0,3,128,0,0,0,2,0
962,0,3,15.6,12,3,2.4,1009.0,0,0,2073600,2.5,1,12,128,1024,0,0,0,950
1097,11,1,17.3,8,3,2.6,1599.0,0,0,2073600,2.6,1,13,256,0,0,0,0,965
223,7,3,15.6,8,3,2.1,794.0,0,0,2073600,1.6,1,12,0,1024,0,620,0,0
449,13,4,13.5,16,3,1.25,2589.0,1,0,3393024,2.5,1,13,512,0,0,640,0,0
45,1,4,13.3,8,4,1.37,1419.0,0,1,4096000,2.0,1,12,256,0,0,540,0,0
1143,7,5,15.6,8,3,2.59,2229.0,0,1,2073600,2.6,1,13,256,0,0,0,0,1000
1096,4,3,15.6,8,3,2.36,638.8,0,0,2073600,2.5,1,12,0,1024,0,0,7,0
814,4,3,15.6,8,3,2.18,789.81,0,0,2073600,2.5,1,12,256,0,0,0,5,0
1237,4,3,15.6,4,3,2.24,737.0,0,0,1049088,2.3,1,12,0,500,0,520,0,0
1182,4,3,15.6,8,1,1.98,895.01,0,0,2073600,2.7,1,13,256,0,0,0,0,940
393,11,1,17.3,8,3,2.7,1349.0,0,0,2073600,2.8,1,13,256,0,0,0,0,1050
446,0,3,15.6,4,1,2.4,441.8,0,0,1049088,2.5,1,12,0,500,0,620,0,0
522,4,3,14.0,8,3,1.64,1279.73,0,0,2073600,2.6,1,12,256,0,0,620,0,0
88,2,1,15.6,16,3,2.2,1449.0,0,1,2073600,2.8,1,13,128,1024,0,0,0,1060
1124,2,3,15.6,4,3,2.0,435.0,0,0,1049088,2.4,1,11,0,1024,0,620,0,0
759,0,3,15.6,4,3,2.1,599.0,0,0,1049088,2.5,1,12,256,0,0,620,0,0
396,10,3,15.6,8,3,2.1,1229.56,0,1,2073600,1.8,1,13,256,0,0,0,550,0
591,10,3,15.6,12,3,2.2,949.0,0,0,2073600,3.6,0,9,512,0,0,0,530,0
1189,0,1,17.3,16,3,4.2,2599.0,0,1,2073600,2.8,1,13,256,1024,0,0,0,1070
828,0,2,11.6,4,0,1.35,355.0,0,1,1049088,1.6,1,1,32,0,0,400,0,0
819,4,3,14.0,4,3,1.76,755.0,0,0,1049088,2.3,1,12,0,500,0,520,0,0
1052,4,0,15.6,8,3,2.3,1094.0,1,1,2073600,2.7,1,12,256,0,0,620,0,0
1083,7,4,13.3,16,3,1.3,2049.0,0,1,8294400,2.7,1,13,512,0,0,620,0,0
598,4,0,12.5,8,3,1.34,1670.0,1,0,2073600,2.5,1,12,256,0,0,620,0,0
1252,10,3,15.6,6,3,2.4,569.0,0,0,2073600,2.3,1,11,128,0,0,0,0,920
856,2,3,15.6,4,3,2.0,449.0,0,0,1049088,1.1,1,2,0,1024,0,505,0,0
584,4,2,11.6,4,0,1.26,295.0,0,0,1049088,1.6,1,1,16,0,0,400,0,0
829,0,3,14.0,8,3,1.5,619.0,0,1,2073600,2.4,1,11,128,0,0,620,0,0
55,4,3,15.6,8,3,2.13,767.8,0,0,2073600,1.8,1,13,256,0,0,0,520,0
241,2,3,17.3,8,3,2.1,1145.0,0,0,2073600,1.8,1,13,128,1024,0,0,0,150
783,10,3,15.6,8,2,2.2,329.0,0,0,1049088,1.6,1,1,0,1024,0,405,0,0
1017,10,3,17.3,16,3,2.4,2968.0,0,1,8294400,2.7,1,13,512,0,0,0,0,3000
379,0,3,15.6,8,1,2.4,846.0,0,0,2073600,2.8,1,13,0,1024,0,0,0,1050
343,10,0,13.9,16,3,1.4,2099.0,1,1,8294400,1.8,1,13,512,0,0,620,0,0
1162,7,1,15.6,8,3,2.62,899.0,0,1,2073600,2.8,1,13,0,1024,0,0,0,1050
1137,4,3,15.6,8,3,2.5,784.0,0,0,1049088,2.5,1,12,0,1024,0,0,7,0
491,16,4,13.3,32,3,1.05,2799.0,1,0,2073600,2.7,1,13,512,0,0,620,0,0
1038,4,3,15.6,8,3,2.09,1062.95,0,0,2073600,2.4,1,12,256,0,0,520,0,0
473,4,4,13.3,8,3,1.42,1841.85,1,0,2073600,1.6,1,12,256,0,0,620,0,0
890,7,3,14.0,4,3,1.95,1265.0,0,0,2073600,2.5,1,12,128,0,0,620,0,0
842,7,3,17.3,8,3,2.63,910.0,0,0,1440000,2.5,1,12,0,1024,0,0,0,930
1123,4,3,15.6,4,1,2.09,523.63,0,0,1049088,2.3,1,12,0,500,0,520,0,0
871,10,3,15.6,4,2,2.2,479.0,0,0,2073600,2.0,1,11,0,1024,0,0,5,0
21,10,1,15.6,8,3,2.5,999.0,0,1,2073600,2.5,1,12,128,1024,0,0,0,1050
1271,10,0,13.3,16,3,1.3,1499.0,1,1,5760000,2.5,1,13,512,0,0,520,0,0
509,10,1,15.6,8,2,2.4,1149.0,0,1,2073600,2.8,1,13,256,1024,0,0,0,1060
1073,7,3,13.3,8,3,1.49,1090.0,0,0,2073600,2.7,1,13,256,0,0,620,0,0
1041,17,3,14.0,2,3,1.45,210.8,0,0,1049088,1.44,1,0,32,0,0,400,0,0
906,7,2,12.5,8,3,1.26,1483.0,0,0,2073600,2.7,1,13,512,0,0,620,0,0
18,10,3,15.6,8,2,2.2,499.0,0,0,2073600,2.4,1,11,0,1024,0,0,0,940
934,16,3,14.0,4,3,1.47,1105.0,0,1,2073600,2.3,1,12,128,0,0,520,0,0
867,10,0,13.3,8,3,1.37,1950.0,1,1,2073600,2.7,1,13,256,0,0,620,0,0
606,16,3,15.6,8,3,2.2,1399.0,0,1,2073600,2.5,1,13,256,0,0,520,0,0
77,4,3,15.6,8,3,2.02,855.0,0,0,2073600,1.8,1,13,128,1024,0,620,0,0
544,2,3,15.6,4,3,2.0,349.0,0,0,1049088,1.8,0,3,0,500,0,0,2,0
356,10,3,15.6,4,2,2.2,321.99,0,0,1049088,1.1,1,1,0,1024,0,500,0,0
991,7,3,15.6,4,3,2.1,499.0,0,0,2073600,2.0,1,11,128,1024,0,0,520,0
946,4,4,12.5,8,3,1.36,1472.2,1,0,2073600,2.5,1,12,256,0,0,0,0,0
943,16,3,15.6,8,3,2.2,1119.0,0,0,1049088,2.3,1,12,256,0,0,520,0,0
1099,2,1,17.3,16,3,4.3,2299.0,0,1,2073600,2.6,1,13,128,1024,0,0,0,980
677,7,0,11.6,8,0,1.4,495.0,1,0,1049088,1.1,1,1,64,0,0,500,0,0
345,10,1,15.6,16,3,2.4,1129.0,0,1,2073600,2.8,1,13,256,2048,0,0,0,1050
247,2,1,17.3,16,3,3.6,2999.0,0,0,2073600,2.9,1,13,256,0,0,0,0,1080
34,1,4,13.3,8,4,1.35,998.0,0,0,1296000,1.6,1,12,256,0,0,6000,0,0
542,7,4,13.3,8,3,1.34,1145.0,0,1,5760000,2.7,1,13,256,0,0,620,0,0
161,0,3,17.3,4,3,3.0,805.0,0,1,2073600,1.6,1,12,256,0,0,0,0,150
210,0,3,15.6,8,1,2.4,779.0,0,0,2073600,2.8,1,13,0,1024,0,0,0,1050
1015,16,3,13.3,8,3,1.5,1210.0,0,0,1049088,2.3,1,12,256,0,0,520,0,0
371,0,3,15.6,4,3,2.1,426.0,0,0,1049088,3.0,0,7,128,0,0,0,5,0
768,15,4,13.3,8,3,1.31,1599.0,1,0,2073600,2.7,1,13,256,0,0,620,0,0
181,4,4,13.3,8,3,1.23,1399.0,0,0,2073600,1.6,1,12,256,0,0,620,0,0
911,7,4,12.5,8,3,1.09,3100.0,1,0,8294400,1.2,1,10,240,0,0,515,0,0
478,4,3,15.6,8,3,2.2,675.0,0,0,2073600,1.6,1,12,0,1024,0,0,520,0
703,10,3,15.6,4,3,2.1,621.45,0,0,2073600,2.5,1,12,0,2048,0,620,0,0
886,4,3,15.6,4,1,2.18,455.7,0,0,1049088,2.0,1,11,0,1024,0,0,5,0
555,2,3,15.6,4,1,2.0,224.0,0,0,1049088,1.1,1,1,0,500,0,500,0,0
103,7,4,13.3,8,3,1.38,1119.0,0,1,2073600,2.7,1,13,256,0,0,0,0,150
131,4,3,15.6,4,3,2.2,449.0,0,0,2073600,2.0,1,11,0,1024,0,0,5,0
820,10,3,15.6,4,3,2.1,489.9,0,0,1049088,2.0,1,11,0,500,0,520,0,0
503,10,3,14.0,4,3,2.1,299.0,0,0,1049088,1.1,1,1,0,500,0,500,0,0
433,10,5,15.6,16,3,2.3,2445.0,0,1,8294400,2.8,1,13,512,0,0,0,0,940
382,2,1,15.6,8,3,2.3,1655.0,0,1,2073600,2.8,1,13,128,1024,0,0,0,1060
763,2,4,13.3,8,3,1.2,1129.0,0,1,5760000,2.5,1,12,256,0,0,620,0,0
0,1,4,13.3,8,4,1.37,1339.69,0,1,4096000,2.3,1,12,128,0,0,640,0,0
469,10,4,14.0,12,3,1.4,1858.0,0,1,3686400,2.6,1,13,256,0,0,520,0,0
1250,4,3,15.6,4,1,2.2,324.0,0,0,1049088,1.6,1,2,0,500,0,0,0,0
970,4,0,13.3,16,3,1.22,1899.0,1,0,5760000,1.3,1,13,512,0,0,615,0,0
836,2,1,17.3,16,3,2.9,2419.0,0,0,2073600,2.8,1,13,256,1024,0,0,0,1070
390,2,1,17.3,8,3,3.0,1039.0,0,0,2073600,2.8,1,13,0,1024,0,0,0,1050
789,4,1,15.6,8,3,2.62,985.0,0,0,2073600,2.5,1,12,256,0,0,0,0,1050
106,10,3,15.6,4,3,1.85,414.9,0,0,2073600,2.0,1,11,0,1024,0,520,0,0
1178,11,1,15.6,16,3,1.91,2153.37,0,0,2073600,2.6,1,13,128,1024,0,0,0,970
427,4,4,14.0,8,1,1.6,1099.0,0,0,2073600,2.8,1,13,256,0,0,620,0,0
471,7,3,15.6,8,3,1.9,1154.0,0,0,2073600,2.5,1,12,0,500,0,0,4190,0
1186,4,0,15.6,16,3,2.09,1179.0,1,0,2073600,2.7,1,13,512,0,0,620,0,0
1023,7,3,14.0,8,3,1.64,1185.43,0,0,2073600,2.7,1,13,256,0,0,0,0,930
600,7,3,15.6,8,3,1.84,1219.0,0,0,2073600,2.7,1,13,256,0,0,620,0,0
614,4,3,15.6,4,1,1.93,869.0,0,0,1049088,2.6,1,12,0,500,0,620,0,0
953,2,0,12.5,8,0,1.2,1159.0,0,0,2073600,1.2,1,10,64,0,0,515,0,0
887,2,1,17.3,12,3,2.2,1369.9,0,0,2073600,2.5,1,12,128,1024,0,0,0,1050
248,7,3,13.3,4,3,1.49,675.0,0,1,2073600,1.6,1,12,0,500,0,620,0,0
514,18,3,15.6,16,2,1.95,1399.95,0,1,2073600,1.8,1,13,256,0,0,0,0,150
876,2,3,15.6,4,1,2.0,398.99,0,0,1049088,1.1,1,2,0,1024,0,505,0,0
990,7,2,12.5,8,3,0.97,1908.0,0,0,2073600,1.2,1,10,512,0,0,515,0,0
904,10,3,15.6,8,3,1.95,1962.99,0,1,2073600,2.5,1,12,512,0,0,620,0,0
583,4,3,15.6,16,3,1.93,1537.39,0,0,2073600,2.8,1,13,256,0,0,0,0,930
875,4,4,12.5,8,3,1.6,1690.0,0,0,2073600,2.8,1,13,256,0,0,620,0,0
381,10,3,15.6,4,2,1.85,403.5,0,0,2073600,2.0,1,11,128,0,0,520,0,0
1276,4,3,15.6,6,3,2.3,459.0,0,0,1049088,2.4,1,11,0,1024,0,620,0,0
1214,2,1,17.3,16,3,2.9,1949.0,0,0,2073600,2.8,1,13,256,1024,0,0,0,1060
681,2,3,15.6,4,3,1.86,419.0,0,0,1049088,1.1,1,1,128,0,0,500,0,0
944,10,0,11.3,8,3,1.1,1299.0,1,1,2073600,1.2,1,10,256,0,0,515,0,0
405,2,4,14.0,8,3,1.1,1873.0,0,0,2073600,2.7,1,13,512,0,0,620,0,0
1188,4,4,13.3,8,1,1.23,1099.0,1,0,5760000,2.4,1,12,256,0,0,520,0,0
378,2,3,14.0,4,3,1.5,286.0,0,0,1049088,1.1,1,1,32,0,0,500,0,0
602,0,3,14.0,4,3,1.6,329.0,0,0,2073600,1.1,1,1,32,0,0,500,0,0
280,10,3,17.3,6,3,2.8,859.0,0,0,1440000,2.7,1,13,128,1024,0,0,0,940
108,11,1,15.6,16,3,2.2,1299.0,0,0,2073600,2.8,1,13,256,1024,0,0,0,1050
198,7,1,17.3,16,3,3.35,1379.0,0,1,2073600,2.8,1,13,256,1024,0,0,0,1050
1089,0,3,15.6,4,3,2.4,387.0,0,0,1049088,2.2,0,6,0,500,0,0,5,0
927,7,3,15.6,8,3,2.31,1165.0,0,0,2073600,2.3,1,12,256,0,0,520,0,0
1136,7,5,17.3,8,3,3.0,3949.4,0,1,2073600,2.6,1,13,256,0,0,0,0,3000
1020,4,0,15.6,4,3,2.08,795.99,1,1,2073600,2.3,1,11,0,1024,0,520,0,0
160,2,3,15.6,4,3,2.03,403.0,0,0,1049088,3.0,0,7,0,1024,0,0,5,0
1103,7,5,17.3,8,3,3.0,2899.0,0,1,2073600,2.6,1,13,0,1024,0,0,6150,0
902,4,0,13.3,16,3,1.22,1649.0,1,0,2073600,1.3,1,13,256,0,0,615,0,0
714,4,3,15.6,16,3,1.93,1426.66,0,0,2073600,2.6,1,12,512,0,0,620,0,0
1267,4,3,15.6,8,1,2.3,805.99,0,0,1049088,2.7,1,13,0,1024,0,0,5,0
414,2,0,13.3,8,3,1.27,928.0,1,1,2073600,2.5,1,12,256,0,0,620,0,0
156,10,0,14.0,4,3,1.74,629.0,1,1,2073600,2.4,1,11,256,0,0,620,0,0
1008,7,3,14.0,8,3,1.64,1049.26,0,0,2073600,2.5,1,12,256,0,0,0,0,930
1061,2,1,17.3,16,2,4.0,998.0,0,1,2073600,2.6,1,13,0,1024,0,0,0,965
849,7,4,14.0,8,3,1.54,1468.0,0,0,2073600,2.5,1,13,512,0,0,520,0,0
336,4,4,15.6,8,3,1.9,1049.0,0,1,2073600,1.6,1,12,128,1024,0,0,0,940
201,10,3,15.6,4,3,2.1,493.0,0,0,1049088,2.3,1,12,128,0,0,520,0,0
72,4,3,15.6,8,3,2.2,870.0,0,0,2073600,1.8,1,13,256,0,0,0,530,0
597,10,3,14.0,8,3,1.7,1474.0,0,1,2073600,2.5,1,12,256,0,0,630,0,0
452,7,5,15.6,8,3,2.31,1534.0,0,1,2073600,2.9,1,13,512,0,0,620,0,0
620,7,3,14.0,8,3,2.31,1124.0,0,0,1049088,2.6,1,12,256,0,0,620,0,0
170,8,4,13.0,8,3,1.05,1349.0,0,1,3110400,2.5,1,12,256,0,0,620,0,0
13,4,3,15.6,4,3,2.2,498.9,0,0,2073600,2.0,1,11,256,0,0,0,5,0
723,4,1,17.3,32,3,4.36,3659.4,0,0,8294400,2.8,1,13,1024,1024,0,0,0,1070
1139,7,4,15.6,8,3,1.88,2171.72,0,0,2073600,2.5,1,13,256,0,0,520,0,0
1275,2,4,13.3,8,3,1.2,729.0,0,1,2073600,0.9,1,10,512,0,0,515,0,0
1171,7,3,15.6,16,3,2.1,1159.0,0,0,2073600,1.8,1,13,512,0,0,620,0,0
294,10,3,15.6,8,3,2.05,739.0,0,0,2073600,1.6,1,12,256,0,0,620,0,0
125,7,3,15.6,4,2,1.86,259.0,0,0,1049088,1.6,1,1,0,500,0,400,0,0
1077,11,1,17.3,16,3,3.78,2499.0,0,0,2073600,2.8,1,13,256,1024,0,0,0,1070
33,4,4,13.3,16,3,1.2,1869.0,1,0,5760000,1.8,1,13,512,0,0,620,0,0
578,11,1,17.3,16,3,4.14,2729.0,0,0,2073600,2.9,1,13,512,1024,0,0,0,1070
1216,0,3,17.3,4,3,3.3,598.0,0,0,1440000,2.0,1,11,0,1024,0,0,0,940
582,7,3,13.3,4,3,1.49,719.0,0,0,2073600,2.4,1,11,128,0,0,620,0,0
1076,10,3,15.6,4,3,2.3,977.0,0,1,2073600,2.3,1,12,0,1024,0,0,0,950
740,4,3,15.6,8,3,2.0,1207.0,0,0,2073600,2.7,1,13,128,1024,0,0,0,940
73,11,1,17.3,8,3,2.7,1095.0,0,0,2073600,2.5,1,12,128,1024,0,0,0,1050
60,4,3,17.3,16,3,2.8,1299.0,0,0,2073600,1.8,1,13,256,2048,0,0,530,0
1206,7,3,15.6,8,3,1.91,579.0,0,0,1049088,2.5,1,12,256,0,0,620,0,0
1062,4,3,15.6,4,3,2.25,559.0,0,0,2073600,2.5,1,12,0,1024,0,0,0,0
615,2,1,17.3,8,3,3.0,1168.0,0,0,2073600,2.8,1,13,128,1024,0,0,0,1050
287,2,4,15.6,8,3,1.7,977.0,0,0,2073600,2.5,1,12,256,0,0,0,0,940
1287,7,3,15.6,6,3,2.19,764.0,0,0,1049088,2.5,1,13,0,1024,0,0,5,0
1066,2,1,17.3,64,3,3.58,3975.0,0,1,2073600,2.7,1,13,1024,0,0,0,0,980
1022,7,3,13.3,8,3,1.11,1149.0,0,1,2073600,2.5,1,12,256,0,0,620,0,0
70,13,4,13.5,4,3,1.252,1089.0,1,0,3393024,2.5,1,12,128,0,0,620,0,0
434,10,3,15.6,16,3,2.5,2449.0,0,0,2073600,2.9,1,13,512,0,0,0,0,2200
1270,10,0,14.0,4,3,1.8,638.0,1,1,2073600,2.5,1,13,128,0,0,520,0,0
912,10,3,15.6,6,3,2.2,789.0,0,0,2073600,2.7,1,13,256,0,0,0,0,940
353,7,5,15.6,8,3,2.6,1738.27,0,0,2073600,2.8,1,13,256,0,0,0,0,1200
47,2,1,17.3,8,3,3.2,1299.0,0,0,2073600,3.0,0,15,256,1024,0,0,580,0
418,4,3,15.6,8,3,2.14,539.95,0,0,1049088,2.5,1,12,0,1024,0,620,0,0
264,4,3,15.6,8,3,2.24,565.0,0,0,2073600,2.5,1,12,0,1024,0,0,5,0
766,2,3,17.3,4,3,2.8,470.34,0,0,1049088,1.1,1,2,0,1024,0,0,0,920
656,4,3,15.6,8,3,2.2,919.0,0,0,2073600,1.8,1,13,256,0,0,0,530,0
949,0,3,14.0,4,0,1.68,349.0,0,0,1049088,1.6,1,1,32,0,0,400,0,0
872,16,3,15.6,8,3,2.0,1388.0,0,1,2073600,2.7,1,13,256,0,0,620,0,0
761,4,4,12.5,16,3,1.18,1859.0,0,0,2073600,2.8,1,13,256,0,0,620,0,0
185,4,3,17.3,16,3,2.77,1549.0,1,0,2073600,1.8,1,13,512,0,0,0,0,150
641,7,3,17.0,8,3,2.6,520.9,0,0,1440000,3.0,0,7,0,1024,0,0,5,0
237,2,3,15.6,4,3,2.2,575.0,0,0,2073600,2.5,0,8,128,1024,0,0,5,0
1215,0,2,11.6,2,0,1.3,174.0,0,0,1049088,1.5,1,1,32,0,0,0,0,0
228,2,3,17.3,8,3,2.69,891.0,0,0,2073600,2.5,1,12,256,500,0,0,0,950
959,0,0,11.6,4,0,1.25,389.0,1,1,1049088,1.6,1,1,32,0,0,400,0,0
557,10,3,17.3,6,3,2.8,949.0,0,0,1440000,2.7,1,13,128,1024,0,0,0,940
1035,7,4,12.5,8,3,1.26,1349.0,0,0,2073600,2.5,1,13,256,0,0,520,0,0
577,10,1,17.3,32,3,4.6,2663.0,0,1,2073600,2.7,1,13,256,1024,0,0,0,1070
14,1,4,12.0,8,4,0.92,1262.4,0,1,3317760,1.2,1,10,256,0,0,615,0,0
633,10,3,15.6,4,3,2.2,579.0,0,0,2073600,2.0,1,11,0,1024,0,0,0,920
27,4,3,15.6,8,3,2.2,800.0,0,0,2073600,1.6,1,12,256,0,0,0,530,0
76,10,3,15.6,8,2,2.2,519.0,0,0,2073600,2.5,1,12,0,2048,0,620,0,0
684,10,0,13.3,8,3,1.19,1499.0,1,1,2073600,1.8,1,13,512,0,0,620,0,0
1088,7,3,13.3,4,0,1.29,615.0,0,0,5760000,1.5,1,2,32,0,0,515,0,0
605,11,1,15.6,16,3,1.8,2299.0,0,0,8294400,2.8,1,13,256,2048,0,0,0,1060
992,10,3,15.6,4,2,1.9,270.62,0,0,1049088,1.1,1,1,128,0,0,500,0,0
580,12,3,14.0,4,3,1.45,389.0,0,1,2073600,1.1,1,1,32,0,0,500,0,0
121,11,1,15.6,16,3,1.8,2241.5,0,0,2073600,2.8,1,13,256,2048,0,0,0,1070
1074,10,4,12.5,8,3,1.3,1713.49,1,1,2073600,2.5,1,13,256,0,0,520,0,0
561,10,3,15.6,4,3,2.05,630.0,0,0,2073600,2.7,1,11,128,0,0,620,0,0
463,10,3,14.0,8,2,1.5,799.0,0,1,2073600,2.7,1,13,512,0,0,0,7,0
1152,10,3,15.6,8,2,2.32,599.0,0,0,2073600,2.3,1,12,0,1024,0,0,5,0
796,2,3,14.0,4,3,1.63,299.0,0,0,1049088,1.1,1,1,32,0,0,500,0,0
98,2,3,15.6,6,3,2.0,577.0,0,0,2073600,2.4,1,11,256,0,0,0,0,920
880,7,0,13.3,4,3,1.28,1700.0,1,0,2073600,2.5,1,12,256,0,0,620,0,0
1055,7,3,15.6,4,3,2.31,705.15,0,0,1049088,2.3,1,11,0,500,0,520,0,0
236,0,3,15.6,4,1,2.1,390.0,0,0,1049088,2.0,1,11,0,1024,0,520,0,0
678,9,4,15.6,8,3,1.09,2299.0,0,1,2073600,1.8,1,13,512,0,0,620,0,0
781,2,1,17.3,16,3,4.3,2350.0,0,1,2073600,2.6,1,13,256,1024,0,0,0,1070
2,7,3,15.6,8,2,1.86,575.0,0,0,2073600,2.5,1,12,256,0,0,620,0,0
804,4,2,11.6,4,3,1.63,744.0,0,0,1049088,1.1,1,2,128,0,0,505,0,0
747,7,3,15.6,8,3,1.86,539.0,0,0,2073600,2.0,1,11,256,0,0,520,0,0
718,12,3,14.0,4,3,1.4,265.0,0,1,2304000,1.92,1,0,0,32,0,400,0,0
749,7,5,17.3,16,3,3.0,4389.0,0,1,2073600,2.9,1,14,256,0,0,0,0,2000
43,0,3,15.6,4,3,2.2,682.0,0,1,2073600,1.6,1,12,256,0,0,620,0,0
1183,0,3,15.6,4,3,2.1,333.0,0,0,1049088,2.0,1,1,0,500,0,500,0,0
700,4,1,15.6,8,3,2.56,819.0,0,0,2073600,2.5,1,12,0,1024,0,0,0,1050
1284,10,0,14.0,4,3,1.8,638.0,1,1,2073600,2.5,1,13,128,0,0,520,0,0
1194,4,0,13.3,8,3,1.6,1199.0,1,1,2073600,2.5,1,12,256,0,0,620,0,0
453,10,3,14.0,8,3,1.65,1345.0,0,0,2073600,2.5,1,12,256,0,0,620,0,0
8,2,4,14.0,16,3,1.3,1495.0,0,0,2073600,1.8,1,13,512,0,0,0,0,150
666,4,3,15.6,8,3,2.06,955.0,0,0,2073600,2.5,1,12,0,1024,0,620,0,0
894,11,1,17.3,16,3,2.43,2649.0,0,1,8294400,2.6,1,13,512,2048,0,0,0,1060
792,10,0,13.3,8,3,1.37,1970.0,1,1,2073600,2.7,1,13,512,0,0,620,0,0
1029,7,3,17.3,8,3,2.63,1080.0,0,0,2073600,2.5,1,12,256,0,0,0,0,930
936,4,3,15.6,4,3,2.18,558.6,0,0,1049088,2.0,1,11,0,1024,0,520,0,0
1005,7,3,14.0,4,3,1.48,1099.99,0,0,1049088,2.4,1,12,256,0,0,520,0,0
1174,10,3,15.6,8,2,2.2,709.0,0,0,2073600,2.7,1,13,0,1024,0,0,0,940
409,10,3,11.6,2,3,1.15,304.45,0,0,1049088,1.1,1,1,32,0,0,500,0,0
965,4,3,15.6,4,1,2.25,465.62,0,0,1049088,2.0,1,11,0,1024,0,0,5,0
173,16,3,15.6,4,3,2.0,489.0,0,0,1049088,2.4,1,11,0,500,0,620,0,0
155,7,3,15.6,6,3,1.91,619.0,0,0,2073600,1.6,1,12,256,0,0,0,520,0
1146,7,4,12.5,8,3,1.26,2296.95,0,0,2073600,2.5,1,13,256,0,0,520,0,0
806,16,3,15.6,4,3,2.1,780.0,0,0,1049088,2.3,1,12,0,500,0,520,0,0
413,0,0,13.3,8,3,1.6,789.01,1,1,2073600,2.5,1,13,256,0,0,520,0,0
274,16,3,15.6,8,3,2.2,812.0,0,0,1049088,2.5,1,13,0,500,0,0,0,930
1068,4,1,15.6,16,3,3.21,1329.0,0,0,8294400,2.6,1,13,256,1024,0,0,0,970
296,0,3,15.6,8,1,2.5,979.0,0,0,2073600,2.8,1,13,256,0,0,0,0,1050
229,7,3,15.6,8,3,1.9,1269.0,0,0,2073600,2.7,1,13,0,1024,0,0,4190,0
1036,7,3,15.6,4,3,2.04,742.0,0,0,1049088,2.5,1,12,0,500,0,620,0,0
1021,16,4,13.3,8,3,1.2,1590.0,0,0,2073600,2.3,1,12,256,0,0,520,0,0
511,0,3,15.6,4,3,2.2,639.0,0,0,2073600,2.7,1,13,0,500,0,0,0,940
384,2,4,13.3,16,3,1.1,1748.9,1,0,2073600,2.7,1,13,512,0,0,620,0,0
221,10,0,14.0,8,3,1.74,899.0,0,1,2073600,1.6,1,12,256,0,0,620,0,0
1192,7,3,15.6,4,3,1.86,485.0,0,0,1049088,2.5,1,12,0,500,0,620,0,0
309,7,3,15.6,4,3,1.86,469.0,0,0,2073600,2.0,1,11,0,1024,0,520,0,0
94,2,4,14.0,8,3,1.25,1049.0,0,0,2073600,2.7,1,13,256,0,0,620,0,0
1090,4,3,15.6,4,1,2.2,393.49,0,0,1049088,1.6,1,2,0,500,0,0,0,0
406,16,4,13.3,16,3,1.2,1747.0,0,0,2073600,2.5,1,13,512,0,0,520,0,0
75,2,1,15.6,8,3,2.2,949.0,0,0,2073600,2.8,1,13,0,1024,0,0,0,1050
1104,10,1,15.6,16,3,2.4,1199.0,0,0,2073600,2.8,1,13,512,0,0,0,0,1050
603,11,1,17.3,16,3,4.14,2199.0,0,0,2073600,2.7,1,13,128,1024,0,0,0,970
162,4,3,15.6,8,3,2.13,728.0,0,0,2073600,1.6,1,12,256,0,0,0,520,0
128,4,3,17.3,16,3,2.8,1396.0,0,0,2073600,1.8,1,13,256,2048,0,0,530,0
739,0,3,15.6,4,3,2.4,410.8,0,0,1049088,2.0,1,11,0,500,0,520,0,0
126,7,3,14.0,8,3,1.63,812.0,0,0,2073600,1.6,1,12,0,1024,0,620,0,0
733,0,3,15.6,4,3,2.4,559.0,0,0,1049088,2.5,1,12,0,500,0,620,0,0
865,7,3,15.6,4,3,2.07,910.0,0,0,2073600,2.3,1,12,0,500,0,520,0,0
283,10,3,15.6,6,3,2.2,579.0,0,0,2073600,2.5,1,12,256,0,0,620,0,0
998,2,1,15.6,16,3,2.5,1799.0,0,0,2073600,2.8,1,13,256,1024,0,0,0,1050
619,0,0,11.6,4,0,1.25,379.0,1,1,1049088,1.6,1,1,32,0,0,400,0,0
860,10,3,15.6,8,3,2.3,850.66,0,1,2073600,2.5,1,12,0,1024,0,620,0,0
407,4,4,14.0,8,3,1.36,1680.0,0,0,2073600,2.8,1,13,512,0,0,0,0,0
12,1,4,15.4,16,4,1.83,2439.97,0,1,5184000,2.8,1,13,256,0,0,0,555,0
261,10,3,15.6,4,2,2.2,444.0,0,0,2073600,2.0,1,11,256,0,0,520,0,0
1046,7,3,14.0,8,3,1.43,1469.0,0,0,2073600,2.3,1,12,256,0,0,520,0,0
515,2,2,11.6,2,3,1.1,245.0,0,0,1049088,1.1,1,1,32,0,0,500,0,0
458,13,4,13.5,8,3,1.25,1799.0,1,0,3393024,2.5,1,13,256,0,0,640,0,0
1264,4,3,15.6,2,3,2.2,379.0,0,0,1049088,1.6,1,1,0,500,0,0,0,0
573,10,3,15.6,8,3,2.3,830.0,0,0,2073600,2.5,1,12,256,0,0,620,0,0
869,4,5,15.6,8,3,2.23,1778.0,0,0,2073600,2.8,1,13,0,1024,0,0,0,620
32,7,3,17.3,4,3,2.71,439.0,0,0,2073600,2.5,0,5,0,500,0,0,530,0
215,4,4,13.3,8,3,1.4,931.88,0,1,2073600,1.8,1,13,256,0,0,0,530,0
859,10,3,15.6,4,2,2.2,469.0,0,0,2073600,2.0,1,11,0,1024,0,520,0,0
719,7,3,17.3,8,3,2.63,1200.0,0,0,2073600,2.7,1,13,256,0,0,0,0,930
907,0,3,15.6,4,0,2.2,359.0,0,1,2073600,1.5,1,1,16,0,0,0,0,0
1299,10,0,13.3,16,3,1.3,1499.0,1,1,5760000,2.5,1,13,512,0,0,520,0,0
96,4,3,15.6,8,1,2.2,599.9,0,0,2073600,2.7,1,13,0,1024,0,0,5,0
639,4,3,15.6,16,3,2.06,2399.0,1,0,8294400,2.8,1,13,1024,0,0,0,0,1050
1247,2,1,15.6,16,3,2.34,2325.0,0,1,2073600,2.6,1,13,256,1024,0,0,0,1070
194,4,0,13.3,8,3,1.62,839.0,1,1,2073600,1.8,1,13,0,1024,0,620,0,0
1236,7,4,14.0,8,3,1.54,2198.19,0,0,3686400,2.5,1,13,256,0,0,520,0,0
138,10,3,15.6,4,2,2.2,499.0,0,0,2073600,2.5,1,12,0,1024,0,0,0,920
801,2,3,15.6,8,3,2.37,1099.0,0,0,2073600,2.5,1,12,256,0,0,620,0,0
195,7,3,17.3,8,3,2.5,914.0,0,1,2073600,1.6,1,12,0,1024,0,0,0,930
658,10,1,15.6,8,3,3.31,1196.0,0,1,2073600,2.6,1,13,128,1024,0,0,0,960
941,2,3,17.3,4,3,2.8,530.0,0,0,1440000,1.6,1,2,0,1024,0,0,0,920
513,4,3,15.6,16,3,2.2,1219.24,0,0,2073600,1.8,1,13,256,2048,0,0,530,0
188,0,4,13.3,8,3,1.12,989.0,0,1,2073600,1.2,1,12,256,0,0,615,0,0
203,10,1,15.6,16,3,3.2,1749.0,0,1,2073600,2.8,1,13,512,1024,0,0,0,1060
1235,7,3,15.6,4,3,2.1,478.0,0,0,2073600,2.0,1,11,0,1024,0,520,0,0
299,2,4,15.6,16,3,1.63,1468.0,0,0,2073600,2.7,1,13,512,0,0,0,0,940
134,7,3,15.6,8,3,2.05,598.0,0,0,1049088,2.7,1,13,0,1024,0,620,0,0
171,7,3,17.3,6,3,2.71,699.0,0,1,2073600,2.5,1,12,0,2048,0,0,520,0
365,7,3,15.6,8,3,2.04,389.0,0,0,1049088,1.6,1,2,0,2048,0,405,0,0
960,16,3,13.3,8,3,1.2,1535.0,0,0,2073600,2.4,1,12,256,0,0,520,0,0
604,4,3,15.6,4,1,2.18,465.0,0,0,1049088,2.0,1,11,0,1024,0,0,5,0
816,14,4,12.5,16,3,1.29,1799.0,1,1,8294400,2.5,1,13,512,0,0,620,0,0
359,4,3,14.0,8,3,1.36,1427.0,0,0,2073600,2.6,1,12,256,0,0,620,0,0
537,7,3,15.6,4,3,1.86,398.99,0,0,2073600,1.6,1,2,256,0,0,405,0,0
202,0,3,15.6,8,3,2.23,742.0,0,0,2073600,2.7,1,13,0,1024,0,0,0,940
663,7,3,15.6,6,3,2.04,539.0,0,0,2073600,2.0,1,11,0,1024,0,0,5,0
315,4,3,15.6,8,3,2.33,844.0,0,0,2073600,1.6,1,12,128,1024,0,0,530,0
950,7,5,15.6,8,3,2.0,2249.0,0,1,2073600,2.7,1,13,8,0,0,0,0,1000
1198,0,3,15.6,4,1,2.1,272.0,0,0,1049088,2.0,1,1,0,1024,0,500,0,0
480,4,3,15.6,8,3,2.16,1262.0,0,1,2073600,1.8,1,13,512,0,0,0,0,940
303,10,3,15.6,8,2,2.2,549.0,0,0,1049088,2.5,1,12,0,2048,0,0,0,940
562,7,4,13.3,16,3,1.16,1965.0,1,1,5760000,1.2,1,10,512,0,0,515,0,0
370,2,0,15.6,12,3,2.26,1099.0,1,0,2073600,2.7,1,13,512,2048,0,0,0,940
468,7,1,17.3,12,3,3.78,1699.0,0,1,2073600,2.8,1,13,0,1024,0,0,0,1060
99,7,1,15.6,12,3,2.62,1249.0,0,1,2073600,2.8,1,13,128,1024,0,0,0,1050
1187,0,3,15.6,4,3,2.23,691.0,0,0,2073600,2.5,1,12,256,0,0,0,0,940
328,7,4,12.5,8,3,1.26,1335.0,0,0,2073600,2.7,1,13,256,0,0,620,0,0
460,0,3,15.6,4,3,2.23,544.0,0,0,2073600,2.0,1,11,0,1024,0,0,0,940
715,10,3,14.0,8,3,1.87,857.07,0,1,2073600,2.5,1,12,256,0,0,0,0,920
1231,14,1,14.0,16,3,1.95,3499.0,0,0,2073600,2.8,1,13,1024,0,0,0,0,1060
773,4,1,15.6,8,3,2.62,1099.0,0,0,2073600,2.8,1,13,0,1024,0,0,0,1050
1086,7,5,15.6,8,3,1.9,1495.0,0,0,2073600,2.5,1,13,256,0,0,0,4190,0
82,7,3,14.0,8,3,1.63,860.0,0,0,2073600,1.6,1,12,256,0,0,620,0,0
1028,4,4,13.3,8,3,1.29,1624.0,1,0,5760000,2.5,1,12,256,0,0,620,0,0
712,4,3,15.6,8,1,1.98,726.0,0,0,2073600,2.5,1,12,0,1024,0,620,0,0
395,7,4,15.6,4,3,1.91,499.0,0,0,2073600,3.0,0,7,256,0,0,0,520,0
1225,2,3,15.6,4,3,2.65,309.0,0,0,1049088,1.6,1,2,0,1024,0,405,0,0
571,7,3,14.0,8,3,1.94,389.0,0,0,1049088,1.6,1,2,0,2048,0,405,0,0
915,10,3,13.3,4,3,1.44,881.0,0,0,2073600,2.5,1,12,128,0,0,620,0,0
320,7,3,14.0,8,3,1.48,1292.0,0,0,2073600,2.7,1,13,256,0,0,620,0,0
209,10,3,15.6,8,3,2.2,597.0,0,0,1049088,2.5,1,12,256,0,0,620,0,0
285,0,3,15.6,12,3,2.15,659.0,1,1,2073600,2.7,1,13,0,1024,0,620,0,0
350,4,3,15.6,16,3,2.06,2027.42,1,0,8294400,2.8,1,13,512,0,0,0,0,1050
870,10,3,15.6,4,3,2.38,1055.0,0,0,1049088,2.5,1,12,0,500,0,620,0,0
826,2,0,13.3,8,3,1.1,1358.0,1,0,2073600,2.5,1,12,256,0,0,620,0,0
696,10,0,14.0,16,3,1.38,1749.0,1,0,2073600,2.7,1,13,512,0,0,620,0,0
392,0,3,15.6,12,3,2.2,693.99,0,1,1049088,1.6,1,12,0,1024,0,0,0,130
1223,4,4,12.5,8,3,1.26,1713.37,1,0,2073600,2.4,1,12,256,0,0,520,0,0
858,4,3,13.3,8,3,1.62,649.0,1,0,2073600,2.3,1,12,0,1024,0,520,0,0
17,1,4,15.4,16,4,1.83,2858.0,0,1,5184000,2.9,1,13,512,0,0,0,560,0
84,0,3,15.6,4,3,2.1,395.0,0,0,1049088,3.0,0,7,0,1024,0,0,5,0
923,16,3,15.6,16,3,2.4,1975.0,0,1,2073600,2.6,1,13,256,0,0,0,0,930
769,0,3,15.6,4,1,2.1,298.0,0,0,1049088,1.1,1,2,0,1024,0,505,0,0
1051,7,3,15.6,8,3,1.91,979.0,0,1,2073600,2.7,1,13,0,1024,0,0,0,940
1040,10,0,15.6,4,3,1.8,847.0,1,1,2073600,2.5,1,13,256,0,0,520,0,0
289,10,3,15.6,8,2,2.2,659.01,0,0,2073600,2.7,1,13,0,1024,0,0,0,940
1047,11,1,17.3,16,3,3.78,1545.64,0,1,2073600,2.7,1,13,256,1024,0,0,0,980
216,10,3,17.3,8,2,2.8,589.0,0,0,1440000,2.5,1,12,0,1024,0,0,0,940
1281,4,3,15.6,8,1,2.3,805.99,0,0,1049088,2.7,1,13,0,1024,0,0,5,0
67,7,3,14.0,4,3,1.44,229.0,0,0,1049088,1.6,1,1,32,0,0,400,0,0
362,10,3,17.3,6,3,2.8,719.0,0,0,1440000,2.5,1,12,128,1024,0,0,0,940
772,16,3,14.0,4,3,1.75,1020.0,0,1,1049088,2.3,1,12,128,0,0,520,0,0
652,4,4,13.3,8,3,1.2,1449.9,0,0,2073600,1.6,1,12,256,0,0,620,0,0
993,10,3,15.6,8,3,2.3,1349.0,0,0,2073600,2.3,1,12,256,0,0,520,0,0
219,4,0,13.3,16,3,1.62,1279.0,1,0,2073600,1.8,1,13,512,0,0,620,0,0
172,10,3,15.6,4,2,2.2,309.0,0,0,1049088,2.9,0,5,0,500,0,0,4,0
1134,0,3,15.6,4,3,2.23,616.0,0,0,2073600,2.5,1,12,0,1024,0,0,0,940
37,4,3,17.3,8,3,2.8,979.0,0,1,2073600,1.6,1,12,128,1024,0,0,530,0
757,7,5,15.6,8,3,2.59,1561.0,0,0,2073600,2.6,1,13,256,0,0,0,0,1000
148,11,1,17.3,16,3,2.9,2029.0,0,0,2073600,2.8,1,13,256,1024,0,0,0,1070
80,4,4,15.6,8,3,1.88,1096.16,0,1,2073600,1.6,1,12,256,0,0,620,0,0
1175,2,3,14.0,4,3,2.0,769.0,0,0,2073600,2.4,1,11,256,0,0,620,0,0
1298,10,0,14.0,4,3,1.8,638.0,1,1,2073600,2.5,1,13,128,0,0,520,0,0
456,4,3,17.3,8,3,4.42,2046.0,0,1,2073600,2.7,1,13,0,1024,0,0,0,1060
1255,2,3,15.6,4,3,2.0,339.0,0,0,1049088,1.1,1,1,0,1024,0,500,0,0
36,0,3,15.6,4,1,2.1,367.0,0,0,1049088,2.7,1,11,0,1024,0,620,0,0
66,7,3,15.6,4,3,1.86,438.69,0,0,1049088,2.0,1,11,0,500,0,0,520,0
541,4,3,14.0,4,3,1.6,735.87,0,0,2073600,2.0,1,11,128,0,0,520,0,0
1009,7,3,14.0,4,3,1.64,684.0,0,0,1049088,2.4,1,11,0,500,0,620,0,0
1132,2,3,14.0,4,3,1.5,278.0,0,0,1049088,1.1,1,1,32,0,0,500,0,0
692,7,5,17.3,8,3,3.14,1907.99,0,0,2073600,2.8,1,13,0,500,0,0,0,1200
982,10,3,15.6,6,3,2.2,549.0,0,0,2073600,3.6,0,9,256,0,0,0,530,0
1184,7,3,15.6,6,3,2.18,799.0,0,1,2073600,2.6,1,13,0,1024,0,0,0,960
1043,10,3,15.6,8,3,2.3,1049.6,0,0,2073600,2.3,1,12,256,0,0,520,0,0
417,7,4,14.0,8,3,1.43,1500.0,0,0,2073600,2.5,1,13,256,0,0,520,0,0
1045,7,3,15.6,8,3,1.84,2103.34,0,0,2073600,2.4,1,12,256,500,0,520,0,0
249,1,4,13.3,8,4,1.37,2040.0,0,1,4096000,3.1,1,12,512,0,0,650,0,0
311,4,4,13.3,16,3,1.21,2499.0,1,1,8294400,1.8,1,13,1024,0,0,620,0,0
415,4,3,15.6,4,1,2.3,598.9,0,0,2073600,2.5,1,12,256,0,0,0,5,0
130,4,3,15.6,8,3,2.36,638.99,0,0,1049088,2.5,1,12,0,1024,0,0,7,0
1153,4,1,15.6,8,3,2.62,1199.0,0,0,2073600,2.8,1,13,0,1024,0,0,0,1050
1125,10,0,14.0,8,3,1.8,1669.0,1,1,2073600,2.5,1,13,256,0,0,520,0,0
1190,10,1,15.6,8,3,2.4,819.0,0,1,2073600,2.5,1,12,0,1024,0,0,0,1050
1297,2,3,15.6,4,3,2.2,720.32,0,0,1049088,2.5,1,13,0,500,0,0,0,920
1079,7,3,15.6,4,3,2.31,940.0,0,0,2073600,2.3,1,12,0,500,0,520,0,0
966,4,3,15.6,4,3,1.9,825.0,0,0,1049088,2.5,1,12,0,500,0,620,0,0
813,4,3,15.6,8,3,1.98,961.0,0,0,2073600,2.7,1,13,0,1024,0,0,0,940
523,7,3,15.6,4,3,1.63,689.0,0,0,1049088,2.0,1,11,128,0,0,520,0,0
81,1,4,12.0,8,4,0.92,1510.0,0,1,3317760,1.3,1,12,512,0,0,615,0,0
727,4,0,13.3,4,3,1.71,649.0,1,0,2073600,2.4,1,11,0,1024,0,620,0,0
1272,10,3,14.0,2,3,1.5,229.0,0,0,1049088,1.6,1,1,64,0,0,0,0,0
482,7,3,13.3,4,3,1.49,726.0,0,1,2073600,1.6,1,12,128,0,0,620,0,0
589,2,1,17.3,8,3,2.73,1770.0,0,1,2073600,2.5,1,12,128,1024,0,0,0,1060
1290,4,3,15.6,6,3,2.3,459.0,0,0,1049088,2.4,1,11,0,1024,0,620,0,0
300,2,3,14.0,4,3,1.3,509.0,0,0,1049088,2.4,1,11,128,0,0,620,0,0
1295,4,3,15.6,8,1,2.3,805.99,0,0,1049088,2.7,1,13,0,1024,0,0,5,0
422,7,3,15.6,8,3,2.31,1427.0,0,0,2073600,2.9,1,13,256,0,0,630,0,0
484,10,3,15.6,4,3,2.3,565.0,0,0,1049088,2.0,1,11,128,0,0,520,0,0
337,7,3,15.6,8,3,1.84,1144.0,0,0,2073600,2.5,1,12,256,0,0,620,0,0
74,0,3,14.0,8,3,2.1,389.0,0,0,1049088,2.0,1,11,0,1024,0,520,0,0
114,4,4,13.3,8,3,1.21,1629.0,0,1,2073600,1.6,1,12,256,0,0,620,0,0
436,7,3,15.6,4,3,2.1,347.0,0,0,1049088,1.6,1,1,0,500,0,400,0,0
212,7,3,15.6,4,2,2.1,349.0,0,0,2073600,2.0,1,11,0,500,0,520,0,0
833,10,3,14.0,8,3,1.7,1186.0,0,0,2073600,2.3,1,12,256,0,0,520,0,0
234,0,0,13.3,8,3,1.6,689.0,1,1,2073600,2.3,1,12,256,0,0,520,0,0
506,2,3,15.6,8,3,2.0,1224.0,0,0,2073600,2.7,1,13,256,1024,0,620,0,0
499,10,3,15.6,8,3,2.3,911.0,0,1,2073600,2.5,1,12,256,0,0,620,0,0
920,4,3,15.6,4,3,2.18,684.99,0,0,1049088,2.5,1,12,0,1024,0,0,5,0
298,10,3,15.6,6,3,2.4,499.0,0,0,2073600,2.4,0,8,0,1024,0,0,5,0
919,11,1,15.6,8,3,2.2,1119.91,0,0,2073600,2.5,1,12,128,1024,0,0,0,1050
717,10,3,15.6,4,3,2.19,298.0,0,0,1049088,2.0,0,5,0,500,0,0,4,0
987,10,1,15.6,8,3,2.5,1189.0,0,1,2073600,2.8,1,13,128,1024,0,0,0,1060
